,TSLA_OPEN,TSLA_PREV_OPEN
0,70.384003,72.599998
1,69.491997,72.241997
2,69.491997,72.241997
3,69.491997,72.241997
4,67.571999,70.582001
5,68.269997,69.164001
6,70.554001,68.225998
7,70.585999,67.797997
8,69.610001,70.503998
9,69.610001,70.503998
10,69.610001,70.503998
11,69.132004,70.848
12,69.472,69.456001
13,70.636002,67.896004
14,71.18,69.933998
15,71.080002,70.709999
16,71.080002,70.709999
17,71.080002,70.709999
18,71.080002,70.709999
19,69.917999,71.223999
20,68.905998,70.760002
21,70.122002,69.900002
22,68.68,69.195999
23,68.68,69.195999
24,68.68,69.195999
25,72.737999,69.797997
26,72.550003,70.269997
27,73.246002,72.898003
28,75.528,72.764
29,75.961998,72.865997
30,75.961998,72.865997
31,75.961998,72.865997
32,77.0,74.902
33,75.019997,76.050003
34,74.781998,76.0
35,73.295998,74.599998
36,70.218002,74.980003
37,70.218002,74.980003
38,70.218002,74.980003
39,68.998001,73.297997
40,69.050003,70.629997
41,68.194,70.185997
42,67.919998,69.980003
43,68.220001,67.975998
44,68.220001,67.975998
45,68.220001,67.975998
46,68.306,68.372002
47,69.627998,68.503998
48,71.001999,67.18
49,71.066002,70.25
50,71.375999,71.199997
51,71.375999,71.199997
52,71.375999,71.199997
53,68.587997,70.620003
54,71.117996,69.93
55,70.919998,69.360001
56,71.136002,70.778
57,71.113998,70.589996
58,71.113998,70.589996
59,71.113998,70.589996
60,70.120003,71.396004
61,71.150002,70.751999
62,71.93,70.181999
63,70.362,71.194
64,69.019997,71.112
65,69.019997,71.112
66,69.019997,71.112
67,67.403999,70.538002
68,67.468002,69.975998
69,65.167999,67.760002
70,65.234001,67.339996
71,64.174004,65.556
72,64.174004,65.556
73,64.174004,65.556
74,64.015999,63.950001
75,66.306,63.835999
76,64.216003,64.045998
77,59.852001,66.449997
78,61.217999,60.026001
79,61.217999,60.026001
80,61.217999,60.026001
81,60.556,59.900002
82,61.209999,61.400002
83,60.877998,60.203999
84,60.598,61.099998
85,60.598,60.5
86,60.598,60.5
87,60.598,60.5
88,63.080002,60.5
89,61.740002,60.026001
90,62.259998,63.0
91,62.5,61.202
92,63.009998,62.798
93,63.009998,62.798
94,63.009998,62.798
95,61.748001,65.134003
96,63.562,62.757999
97,62.52,62.172001
98,62.52,62.172001
99,63.110001,63.354
100,63.110001,63.354
101,63.110001,63.354
102,63.362,62.757999
103,63.509998,62.650002
104,61.507999,63.271999
105,61.77,63.459999
106,61.306,61.712002
107,61.306,61.712002
108,61.306,61.712002
109,61.040001,61.088001
110,60.740002,61.299999
111,62.652,60.400002
112,62.248001,60.02
113,63.026001,62.400002
114,63.026001,62.400002
115,63.026001,62.400002
116,65.781998,62.919998
117,68.206001,62.925999
118,67.806,66.089996
119,67.578003,68.185997
120,68.690002,68.202003
121,68.690002,68.202003
122,68.690002,68.202003
123,67.774002,68.407997
124,66.220001,68.980003
125,65.795998,68.052002
126,66.332001,66.538002
127,65.040001,65.917999
128,65.040001,65.917999
129,65.040001,65.917999
130,65.040001,65.917999
131,63.458,65.902
132,62.327999,64.765999
133,63.071999,63.200001
134,62.27,62.349998
135,62.27,62.349998
136,62.27,62.349998
137,62.27,62.349998
138,64.106003,63.236
139,63.450001,62.400002
140,62.924,64.199997
141,63.316002,62.574001
142,63.316002,62.574001
143,63.316002,62.574001
144,67.281998,63.324001
145,66.737999,63.200001
146,66.959999,67.031998
147,67.589996,66.440002
148,67.244003,67.047997
149,67.244003,67.047997
150,67.244003,67.047997
151,67.244003,67.047997
152,68.012001,67.725998
153,69.431999,67.508003
154,68.914001,68.094002
155,70.003998,69.134003
156,70.003998,69.134003
157,70.003998,69.134003
158,70.311996,69.0
159,70.557999,69.879997
160,69.178001,72.0
161,67.528,70.916
162,68.57,69.653999
163,68.57,69.653999
164,68.57,69.653999
165,69.905998,68.300003
166,69.164001,67.970001
167,70.862,69.028
168,69.849998,69.501999
169,68.75,70.199997
170,68.75,70.199997
171,68.75,70.199997
172,66.625999,69.688004
173,66.793999,67.594002
174,69.0,65.042
175,63.046001,67.797997
176,62.084,68.662003
177,62.084,68.662003
178,62.084,68.662003
179,63.146,63.986
180,64.732002,63.226002
181,64.461998,63.004002
182,66.814003,64.167999
183,67.098,64.900002
184,67.098,64.900002
185,67.098,64.900002
186,67.098,64.900002
187,66.954002,66.5
188,66.660004,66.893997
189,69.234001,67.206001
190,70.410004,67.106003
191,70.410004,67.106003
192,70.410004,67.106003
193,71.484001,69.566002
194,70.197998,70.699997
195,68.612,71.25
196,66.185997,70.514
197,67.024002,69.001999
198,67.024002,69.001999
199,67.024002,69.001999
200,66.669998,65.396004
201,65.639999,66.477997
202,66.459999,66.75
203,65.82,65.087997
204,65.433998,66.571999
205,65.433998,66.571999
206,65.433998,66.571999
207,69.101997,64.82
208,68.367996,65.722
209,65.325996,65.722
210,65.120003,67.351997
211,64.269997,65.875999
212,64.269997,65.875999
213,64.269997,65.875999
214,62.712002,64.585999
215,62.110001,63.299999
216,63.306,62.973999
217,61.82,62.049999
218,60.307999,62.778
219,60.307999,62.778
220,60.307999,62.778
221,60.835999,62.25
222,55.835999,61.467999
223,51.556,60.799999
224,53.226002,52.916
225,53.226002,52.916
226,53.226002,52.916
227,53.226002,52.916
228,50.495998,51.298
229,53.506001,51.251999
230,57.388,53.964001
231,61.144001,50.556
232,59.860001,57.868
233,59.860001,57.868
234,59.860001,57.868
235,57.931999,60.200001
236,60.939999,60.074001
237,60.186001,59.793999
238,58.816002,60.147999
239,60.068001,60.464001
240,60.068001,60.464001
241,60.068001,60.464001
242,58.242001,60.720001
243,57.537998,59.799999
244,58.669998,57.773998
245,60.015999,58.216
246,58.048,58.216
247,58.048,58.216
248,58.048,58.216
249,56.674,59.034
250,56.692001,58.257999
251,56.138,57.0
252,57.096001,56.700001
253,58.816002,55.75
254,58.816002,55.75
255,58.816002,55.75
256,58.779999,57.074001
257,59.984001,58.722
258,60.23,58.702
259,56.889999,59.714001
260,58.818001,55.757999
261,58.818001,55.757999
262,58.818001,55.757999
263,60.554001,56.599998
264,60.394001,59.5
265,61.369999,60.16
266,61.004002,60.082001
267,60.212002,61.5
268,60.212002,61.5
269,60.212002,61.5
270,58.394001,61.540001
271,56.835999,60.664001
272,57.296001,57.001999
273,56.908001,56.765999
274,55.363998,57.18
275,55.363998,57.18
276,55.363998,57.18
277,56.897999,56.93
278,55.001999,56.265999
279,55.813999,57.551998
280,55.57,55.551998
281,55.77,55.68
282,55.77,55.68
283,55.77,55.68
284,55.77,55.68
285,56.751999,55.526001
286,58.344002,55.702
287,56.945999,56.658001
288,58.363998,57.442001
289,58.363998,57.442001
290,58.363998,57.442001
291,59.348,57.172001
292,58.226002,58.868
293,63.900002,59.540001
294,63.217999,60.099998
295,63.532001,63.23
296,63.532001,63.23
297,63.532001,63.23
298,66.419998,63.799999
299,68.554001,64.501999
300,68.956001,68.940002
301,71.543999,69.342003
302,71.634003,69.526001
303,71.634003,69.526001
304,71.634003,69.526001
305,74.166,70.767998
306,70.510002,71.080002
307,72.444,73.031998
308,69.501999,71.608002
309,66.725998,72.400002
310,66.725998,72.400002
311,66.725998,72.400002
312,66.601997,70.307999
313,68.400002,66.024002
314,68.900002,67.209999
315,69.986,69.0
316,68.589996,69.732002
317,68.589996,69.732002
318,68.589996,69.732002
319,67.014,70.666
320,62.172001,72.014
321,62.172001,72.014
322,61.832001,66.349998
323,61.779999,62.751999
324,61.779999,62.751999
325,61.779999,62.751999
326,63.702,60.990002
327,64.494003,62.397999
328,63.792,64.912003
329,63.341999,63.16
330,63.773998,64.286003
331,63.773998,64.286003
332,63.773998,64.286003
333,62.02,63.116001
334,64.538002,62.341999
335,64.769997,61.762001
336,64.045998,65.0
337,62.716,63.265999
338,62.716,63.265999
339,62.716,63.265999
340,60.639999,64.246002
341,59.486,60.368
342,61.748001,60.883999
343,61.330002,59.348
344,59.436001,60.970001
345,59.436001,60.970001
346,59.436001,60.970001
347,58.034,61.450001
348,59.627998,59.18
349,60.167999,58.450001
350,69.907997,59.598
351,69.634003,65.688004
352,69.634003,65.688004
353,69.634003,65.688004
354,68.398003,69.561996
355,75.914001,69.092003
356,74.068001,68.767998
357,70.489998,73.818001
358,71.098,73.110001
359,71.098,73.110001
360,71.098,73.110001
361,71.281998,70.800003
362,69.528,72.225998
363,67.737999,71.690002
364,67.089996,68.382004
365,61.099998,67.982002
366,61.099998,67.982002
367,61.099998,67.982002
368,61.688,64.699997
369,64.379997,58.34
370,64.328003,62.122002
371,64.019997,64.174004
372,64.564003,63.827999
373,64.564003,63.827999
374,64.564003,63.827999
375,63.854,64.139999
376,62.372002,63.599998
377,61.001999,63.681999
378,60.630001,62.054001
379,60.332001,60.452
380,60.332001,60.452
381,60.332001,60.452
382,60.332001,60.452
383,57.790001,60.400002
384,56.147999,59.388
385,56.189999,57.009998
386,52.647999,56.959999
387,52.647999,56.959999
388,52.647999,56.959999
389,57.099998,52.02
390,55.888,54.652
391,58.108002,55.894001
392,57.891998,56.287998
393,59.040001,57.604
394,59.040001,57.604
395,59.040001,57.604
396,58.967999,57.751999
397,56.992001,58.007999
398,59.804001,59.338001
399,59.666,56.102001
400,59.82,60.712002
401,59.82,60.712002
402,59.82,60.712002
403,59.936001,59.540001
404,60.198002,59.695999
405,61.916,60.0
406,61.504002,60.382
407,52.953999,62.580002
408,52.953999,62.580002
409,52.953999,62.580002
410,62.139999,54.051998
411,60.203999,61.153999
412,58.959999,62.790001
413,56.366001,60.666
414,52.389999,58.790001
415,52.389999,58.790001
416,52.389999,58.790001
417,50.112,54.93
418,52.560001,52.903999
419,51.375999,51.049999
420,50.445999,52.922001
421,51.756001,51.506001
422,51.756001,51.506001
423,51.756001,51.506001
424,51.917999,52.200001
425,55.318001,51.812
426,54.355999,53.139999
427,52.782001,56.48
428,52.0,53.858002
429,52.0,53.858002
430,52.0,53.858002
431,52.189999,53.478001
432,58.827999,52.136002
433,57.700001,52.773998
434,62.972,60.209999
435,66.18,63.444
436,66.18,63.444
437,66.18,63.444
438,66.970001,61.650002
439,65.980003,67.494003
440,67.463997,65.678001
441,68.856003,66.508003
442,69.281998,67.652
443,69.281998,67.652
444,69.281998,67.652
445,68.279999,68.748001
446,68.211998,68.099998
447,69.632004,67.814003
448,70.279999,68.667999
449,70.101997,69.699997
450,70.101997,69.699997
451,70.101997,69.699997
452,66.255997,69.800003
453,67.746002,69.674004
454,68.800003,66.632004
455,69.688004,68.540001
456,70.862,68.466003
457,70.862,68.466003
458,70.862,68.466003
459,70.694,69.038002
460,69.498001,71.267998
461,67.638,68.349998
462,67.638,68.349998
463,65.166,70.400002
464,65.166,70.400002
465,65.166,70.400002
466,69.199997,66.870003
467,68.783997,65.0
468,69.573997,68.010002
469,68.234001,69.197998
470,70.096001,69.400002
471,70.096001,69.400002
472,70.096001,69.400002
473,71.697998,68.365997
474,71.940002,72.0
475,71.940002,72.0
476,72.612,71.209999
477,71.594002,71.202003
478,71.594002,71.202003
479,71.594002,71.202003
480,73.029999,73.800003
481,73.351997,72.0
482,73.32,73.982002
483,75.358002,73.884003
484,73.141998,74.029999
485,73.141998,74.029999
486,73.141998,74.029999
487,69.683998,75.0
488,67.405998,72.400002
489,66.594002,70.108002
490,63.076,67.519997
491,63.953999,65.410004
492,63.953999,65.410004
493,63.953999,65.410004
494,59.077999,63.48
495,59.077999,63.48
496,65.218002,62.700001
497,63.226002,60.0
498,66.774002,63.967999
499,66.774002,63.967999
500,66.774002,63.967999
501,66.559998,64.620003
502,66.559998,64.620003
503,62.023998,67.557999
504,60.071999,61.220001
505,63.537998,61.400002
506,63.537998,61.400002
507,63.537998,61.400002
508,66.991997,61.200001
509,67.07,64.344002
510,67.706001,68.391998
511,68.994003,67.099998
512,69.452003,66.879997
513,69.452003,66.879997
514,69.452003,66.879997
515,66.879997,68.417999
516,68.886002,68.475998
517,69.209999,67.0
518,69.461998,68.956001
519,60.452,69.241997
520,60.452,69.241997
521,60.452,69.241997
522,60.452,69.241997
523,59.784,64.599998
524,57.518002,60.964001
525,58.301998,58.5
526,59.408001,56.605999
527,59.408001,56.605999
528,59.408001,56.605999
529,59.276001,58.877998
530,59.492001,58.582001
531,61.754002,59.054001
532,61.403999,60.09
533,62.442001,60.200001
534,62.442001,60.200001
535,62.442001,60.200001
536,62.577999,61.084
537,64.269997,62.596001
538,63.444,62.498001
539,61.501999,63.917999
540,61.16,62.66
541,61.16,62.66
542,61.16,62.66
543,62.568001,61.366001
544,62.362,62.32
545,61.633999,63.240002
546,60.754002,62.470001
547,61.576,60.675999
548,61.576,60.675999
549,61.576,60.675999
550,61.576,60.675999
551,61.127998,60.900002
552,60.512001,61.312
553,58.245998,60.882
554,58.942001,60.362
555,58.942001,60.362
556,58.942001,60.362
557,59.754002,58.897999
558,59.571999,59.582001
559,62.948002,58.444
560,63.976002,60.355999
561,58.958,63.784
562,58.958,63.784
563,58.958,63.784
564,57.071999,61.388
565,55.307999,59.624001
566,55.248001,56.400002
567,55.318001,55.296001
568,56.827999,55.768002
569,56.827999,55.768002
570,56.827999,55.768002
571,58.183998,55.382
572,56.672001,56.703999
573,57.792,57.298
574,57.992001,56.779999
575,55.085999,58.490002
576,55.085999,58.490002
577,55.085999,58.490002
578,53.897999,56.702
579,53.493999,55.200001
580,54.720001,53.5
581,54.804001,53.938
582,52.905998,54.52
583,52.905998,54.52
584,52.905998,54.52
585,52.084,54.515999
586,53.554001,51.942001
587,54.966,52.888
588,55.723999,53.75
589,55.972,55.431999
590,55.972,55.431999
591,55.972,55.431999
592,57.835999,55.740002
593,57.175999,56.523998
594,58.362,57.66
595,53.556,57.464001
596,54.992001,52.377998
597,54.992001,52.377998
598,54.992001,52.377998
599,54.639999,53.972
600,54.462002,55.537998
601,55.212002,54.330002
602,53.683998,55.348
603,53.540001,53.66
604,53.540001,53.66
605,53.540001,53.66
606,53.276001,54.043999
607,54.672001,53.726002
608,54.245998,53.150002
609,54.652,54.950001
610,54.652,54.950001
611,54.652,54.950001
612,54.652,54.950001
613,52.549999,54.245998
614,52.779999,53.799999
615,51.731998,52.029999
616,49.526001,52.77
617,47.028,51.0
618,47.028,51.0
619,47.028,51.0
620,48.293999,49.299999
621,47.737999,47.172001
622,46.801998,48.411999
623,48.82,47.77
624,51.006001,49.104
625,51.006001,49.104
626,51.006001,49.104
627,51.068001,48.771999
628,49.411999,50.004002
629,48.967999,51.360001
630,48.396,49.388
631,47.903999,48.400002
632,47.903999,48.400002
633,47.903999,48.400002
634,45.402,47.950001
635,46.462002,46.402
636,46.389999,45.860001
637,45.666,45.863998
638,42.206001,45.897999
639,42.206001,45.897999
640,42.206001,45.897999
641,41.071999,44.391998
642,41.015999,40.560001
643,38.546001,39.551998
644,39.098,39.82
645,38.125999,38.868
646,38.125999,38.868
647,38.125999,38.868
648,38.125999,38.868
649,37.740002,39.966
650,37.972,38.240002
651,37.644001,37.419998
652,37.032001,37.75
653,37.032001,37.75
654,37.032001,37.75
655,35.793999,37.02
656,38.720001,37.102001
657,39.318001,36.220001
658,41.189999,39.736
659,40.900002,40.888
660,40.900002,40.888
661,40.900002,40.888
662,42.576,41.0
663,43.419998,42.049999
664,41.852001,43.827999
665,42.782001,44.59
666,42.984001,42.076
667,42.984001,42.076
668,42.984001,42.076
669,45.006001,42.25
670,44.948002,43.096001
671,45.285999,45.743999
672,43.924,45.021999
673,44.372002,44.599998
674,44.372002,44.599998
675,44.372002,44.599998
676,44.728001,43.243999
677,43.952,44.647999
678,43.854,44.877998
679,44.568001,44.062
680,44.692001,43.889999
681,44.692001,43.889999
682,44.692001,43.889999
683,45.433998,44.198002
684,44.91,46.042
685,46.98,45.778
686,46.98,45.778
687,46.619999,47.877998
688,46.619999,47.877998
689,46.619999,47.877998
690,46.068001,46.914001
691,46.012001,46.248001
692,47.784,45.793999
693,47.720001,46.830002
694,49.015999,47.627998
695,49.015999,47.627998
696,49.015999,47.627998
697,50.700001,47.950001
698,50.476002,49.599998
699,50.972,49.860001
700,50.708,51.133999
701,51.636002,51.009998
702,51.636002,51.009998
703,51.636002,51.009998
704,51.136002,51.138
705,52.034,51.75
706,52.976002,51.341999
707,45.764,51.834
708,45.608002,46.700001
709,45.608002,46.700001
710,45.608002,46.700001
711,47.153999,45.383999
712,48.452,45.417999
713,48.321999,46.580002
714,46.77,48.599998
715,46.868,48.529999
716,46.868,48.529999
717,46.868,48.529999
718,45.664001,46.27
719,46.150002,45.919998
720,46.683998,46.375999
721,47.66,45.299999
722,47.001999,46.889999
723,47.001999,46.889999
724,47.001999,46.889999
725,45.801998,47.209999
726,47.0,46.598
727,43.924,45.762001
728,43.127998,46.242001
729,43.987999,44.172001
730,43.987999,44.172001
731,43.987999,44.172001
732,45.366001,43.332001
733,45.172001,44.841999
734,44.166,45.523998
735,44.43,44.402
736,42.279999,44.560001
737,42.279999,44.560001
738,42.279999,44.560001
739,43.0,43.993999
740,42.816002,42.720001
741,43.118,43.147999
742,44.341999,42.737999
743,45.122002,43.799999
744,45.122002,43.799999
745,45.122002,43.799999
746,45.122002,43.799999
747,45.001999,45.830002
748,44.136002,44.816002
749,45.916,45.377998
750,45.490002,44.5
751,45.490002,44.5
752,45.490002,44.5
753,46.358002,45.439999
754,47.108002,46.0
755,49.419998,46.16
756,49.174,47.476002
757,49.040001,49.540001
758,49.040001,49.540001
759,49.040001,49.540001
760,48.562,49.391998
761,48.958,49.200001
762,48.698002,48.493999
763,49.32,49.0
764,48.124001,49.200001
765,48.124001,49.200001
766,48.124001,49.200001
767,48.245998,49.298
768,44.641998,48.0
769,45.740002,48.304001
770,48.512001,44.911999
771,48.425999,46.132
772,48.425999,46.132
773,48.425999,46.132
774,48.174,48.439999
775,48.938,48.599998
776,48.625999,48.299999
777,46.605999,48.658001
778,46.285999,46.372002
779,46.285999,46.372002
780,46.285999,46.372002
781,47.543999,46.321999
782,48.009998,45.959999
783,48.905998,47.174
784,48.948002,48.264
785,49.577999,49.056
786,49.577999,49.056
787,49.577999,49.056
788,51.391998,49.43
789,51.577999,49.580002
790,51.950001,51.540001
791,52.394001,51.478001
792,51.389999,52.5
793,51.389999,52.5
794,51.389999,52.5
795,50.700001,52.139999
796,51.116001,51.666
797,50.936001,50.863998
798,59.936001,50.900002
799,65.625999,59.674
800,65.625999,59.674
801,65.625999,59.674
802,65.542,59.543999
803,63.243999,65.508003
804,63.001999,63.998001
805,62.984001,62.599998
806,62.661999,62.619999
807,62.661999,62.619999
808,62.661999,62.619999
809,63.493999,63.264
810,63.444,62.959999
811,65.316002,63.924
812,67.108002,63.599998
813,67.428001,65.828003
814,67.428001,65.828003
815,67.428001,65.828003
816,69.017998,66.900002
817,69.986,68.790001
818,69.222,69.379997
819,69.870003,71.0
820,70.433998,69.222
821,70.433998,69.222
822,70.433998,69.222
823,69.998001,70.127998
824,71.903999,70.584
825,70.444,70.349998
826,70.966003,72.0
827,66.608002,70.902
828,66.608002,70.902
829,66.608002,70.902
830,67.267998,68.031998
831,65.783997,68.863998
832,66.258003,67.054001
833,66.258003,67.054001
834,65.987999,66.223999
835,65.987999,66.223999
836,65.987999,66.223999
837,66.973999,66.222
838,67.239998,65.879997
839,66.606003,66.524002
840,66.073997,67.550003
841,67.178001,66.566002
842,67.178001,66.566002
843,67.178001,66.566002
844,67.905998,67.0
845,69.767998,67.318001
846,70.540001,67.991997
847,71.935997,70.375999
848,71.678001,70.984001
849,71.678001,70.984001
850,71.678001,70.984001
851,76.300003,72.209999
852,75.797997,72.510002
853,78.629997,75.797997
854,80.807999,76.125999
855,81.117996,79.463997
856,81.117996,79.463997
857,81.117996,79.463997
858,83.844002,82.057999
859,85.050003,82.356003
860,85.050003,82.356003
861,86.188004,83.671997
862,86.075996,85.582001
863,86.075996,85.582001
864,86.075996,85.582001
865,82.940002,87.0
866,83.666,85.758003
867,83.666,85.758003
868,86.052002,81.0
869,88.601997,84.900002
870,88.601997,84.900002
871,88.601997,84.900002
872,90.307999,88.099998
873,93.811996,88.094002
874,98.428001,92.279999
875,96.267998,94.739998
876,95.629997,99.419998
877,95.629997,99.419998
878,95.629997,99.419998
879,104.972,96.358002
880,107.584,98.699997
881,103.699997,108.851997
882,102.697998,105.952003
883,102.099998,98.75
884,102.099998,98.75
885,102.099998,98.75
886,102.099998,98.75
887,109.440002,101.522003
888,113.912003,106.050003
889,114.440002,114.377998
890,112.963997,112.849998
891,112.963997,112.849998
892,112.963997,112.849998
893,111.603996,114.125999
894,113.379997,108.398003
895,116.197998,113.697998
896,128.162003,115.138
897,130.113998,126.484001
898,130.113998,126.484001
899,130.113998,126.484001
900,156.0,128.0
901,177.412003,134.738007
902,146.940002,176.591995
903,149.792007,164.651993
904,149.613998,139.983994
905,149.613998,139.983994
906,149.613998,139.983994
907,154.255997,146.110001
908,154.876007,160.0
909,153.457993,153.757996
910,160.800003,155.574005
911,160.005997,148.367996
912,160.005997,148.367996
913,160.005997,148.367996
914,160.005997,148.367996
915,171.679993,157.444
916,183.483994,168.320007
917,179.882004,184.699997
918,180.199997,182.389999
919,180.199997,182.389999
920,180.199997,182.389999
921,166.757996,181.395996
922,159.981995,167.800003
923,155.759995,169.800003
924,135.800003,156.5
925,133.598007,146.0
926,133.598007,146.0
927,133.598007,146.0
928,148.723999,125.940002
929,149.102005,142.251999
930,149.899994,161.0
931,144.908005,152.792007
932,140.695999,144.753998
933,140.695999,144.753998
934,140.695999,144.753998
935,121.599998,138.0
936,129.065994,121.078003
937,126.846001,131.886002
938,112.110001,128.039993
939,109.323997,116.178001
940,109.323997,116.178001
941,109.323997,116.178001
942,89.014,119.0
943,86.040001,93.900002
944,72.244003,88.001999
945,85.528,77.800003
946,85.505997,74.940002
947,85.505997,74.940002
948,85.505997,74.940002
949,86.858002,87.639999
950,101.0,86.720001
951,107.849998,95.459999
952,105.632004,109.050003
953,102.872002,109.477997
954,102.872002,109.477997
955,102.872002,109.477997
956,100.426003,101.0
957,104.800003,102.052002
958,96.311996,100.25
959,90.893997,100.800003
960,96.001999,96.206001
961,96.001999,96.206001
962,96.001999,96.206001
963,103.248001,101.900002
964,109.089996,102.239998
965,109.767998,109.0
966,114.599998,110.839996
967,114.599998,110.839996
968,114.599998,110.839996
969,114.599998,110.839996
970,130.190002,112.417999
971,141.977997,118.031998
972,145.966003,139.794006
973,149.042007,148.399994
974,150.778,143.388
975,150.778,143.388
976,150.778,143.388
977,149.272003,154.455994
978,137.343994,146.539993
979,146.421997,146.024002
980,141.126007,140.796005
981,145.029999,145.520004
982,145.029999,145.520004
983,145.029999,145.520004
984,159.75,142.162003
985,153.824005,147.522003
986,160.102005,159.128006
987,156.376007,158.033997
988,140.264008,171.037994
989,140.264008,171.037994
990,140.264008,171.037994
991,152.238007,151.0
992,153.641998,140.199997
993,156.516006,157.957993
994,156.007996,155.300003
995,163.884003,155.442001
996,163.884003,155.442001
997,163.884003,155.442001
998,162.257996,158.753998
999,161.882004,158.102005
1000,158.192001,165.399994
1001,160.666,164.166
1002,159.834,156.0
1003,159.834,156.0
1004,159.834,156.0
1005,162.725998,158.070007
1006,161.602005,165.556
1007,163.112,163.033997
1008,165.520004,164.100006
1009,163.376007,163.199997
1010,163.376007,163.199997
1011,163.376007,163.199997
1012,163.376007,163.199997
1013,163.774002,164.434006
1014,164.046005,166.899994
1015,161.162003,164.171997
1016,167.0,162.701996
1017,167.0,162.701996
1018,167.0,162.701996
1019,179.619995,161.75
1020,176.311996,171.600006
1021,176.591995,178.940002
1022,172.876007,177.623993
1023,177.132004,177.975998
1024,177.132004,177.975998
1025,177.132004,177.975998
1026,189.983994,175.567993
1027,188.134003,183.800003
1028,205.009995,188.001999
1029,194.567993,198.376007
1030,187.056,198.039993
1031,187.056,198.039993
1032,187.056,198.039993
1033,198.179993,196.0
1034,196.425995,183.557999
1035,198.358002,202.369995
1036,200.792007,197.542007
1037,200.179993,200.600006
1038,200.179993,200.600006
1039,200.179993,200.600006
1040,198.863998,202.556
1041,200.356003,199.990005
1042,192.169998,199.776001
1043,197.195999,198.822006
1044,191.947998,190.854004
1045,191.947998,190.854004
1046,191.947998,190.854004
1047,201.869995,198.955994
1048,215.962006,193.802002
1049,223.925995,201.300003
1050,241.731995,216.600006
1051,241.731995,216.600006
1052,241.731995,216.600006
1053,241.731995,216.600006
1054,274.31601,244.296005
1055,277.971985,255.337997
1056,273.175995,281.002014
1057,278.855988,281.0
1058,308.929993,279.39801
1059,308.929993,279.39801
1060,308.929993,279.39801
1061,299.411987,279.200012
1062,303.359985,331.799988
1063,309.201996,311.200012
1064,300.127991,308.600006
1065,300.167999,295.432007
1066,300.167999,295.432007
1067,300.167999,295.432007
1068,328.600006,302.690002
1069,313.671997,303.802002
1070,318.466003,327.985992
1071,302.614014,319.799988
1072,283.399994,335.790009
1073,283.399994,335.790009
1074,283.399994,335.790009
1075,307.920013,283.201996
1076,295.298004,287.0
1077,299.821991,300.799988
1078,297.497986,300.200012
1079,286.152008,297.600006
1080,286.152008,297.600006
1081,286.152008,297.600006
1082,297.0,303.0
1083,297.399994,289.839996
1084,297.003998,299.002014
1085,297.915985,298.597992
1086,290.541992,298.165985
1087,290.541992,298.165985
1088,290.541992,298.165985
1089,283.713989,299.90799
1090,274.877991,289.600006
1091,310.951996,279.200012
1092,324.200012,294.0
1093,330.141998,322.200012
1094,330.141998,322.200012
1095,330.141998,322.200012
1096,367.127991,332.997986
1097,377.417999,335.399994
1098,375.705994,379.798004
1099,400.365997,373.0
1100,409.996002,372.135986
1101,409.996002,372.135986
1102,409.996002,372.135986
1103,402.839996,408.951996
1104,404.667999,425.256012
1105,430.634003,394.977997
1106,447.75,412.0
1107,442.679993,436.09201
1108,442.679993,436.09201
1109,442.679993,436.09201
1110,498.320007,459.023987
1111,475.049988,444.609985
1112,447.369995,502.140015
1113,407.0,478.98999
1114,418.320007,407.230011
1115,418.320007,407.230011
1116,418.320007,407.230011
1117,418.320007,407.230011
1118,330.209991,402.809998
1119,366.279999,356.0
1120,371.339996,356.600006
1121,372.720001,386.209991
1122,372.720001,386.209991
1123,372.720001,386.209991
1124,419.619995,381.940002
1125,449.76001,380.950012
1126,441.76001,436.559998
1127,423.429993,439.869995
1128,442.149994,415.600006
1129,442.149994,415.600006
1130,442.149994,415.600006
1131,449.390015,447.940002
1132,424.230011,453.130005
1133,380.359985,429.600006
1134,387.790009,405.160004
1135,407.339996,363.799988
1136,407.339996,363.799988
1137,407.339996,363.799988
1138,421.200012,393.470001
1139,419.070007,424.619995
1140,429.01001,416.0
1141,448.160004,421.320007
1142,415.089996,440.76001
1143,415.089996,440.76001
1144,415.089996,440.76001
1145,425.679993,421.390015
1146,413.980011,423.350006
1147,425.299988,423.790009
1148,425.920013,419.869995
1149,434.0,438.440002
1150,434.0,438.440002
1151,434.0,438.440002
1152,442.299988,430.130005
1153,446.649994,442.0
1154,461.299988,443.350006
1155,448.880005,449.779999
1156,439.670013,450.309998
1157,439.670013,450.309998
1158,439.670013,450.309998
1159,430.829987,454.440002
1160,421.940002,446.23999
1161,422.640015,431.75
1162,425.790009,422.700012
1163,420.630005,441.920013
1164,420.630005,441.920013
1165,420.630005,441.920013
1166,420.279999,421.839996
1167,424.679993,411.630005
1168,406.019989,423.76001
1169,410.829987,416.480011
1170,388.040009,409.959991
1171,388.040009,409.959991
1172,388.040009,409.959991
1173,400.51001,406.899994
1174,423.899994,394.0
1175,420.980011,409.730011
1176,438.089996,430.619995
1177,429.950012,428.299988
1178,429.950012,428.299988
1179,429.950012,428.299988
1180,421.26001,436.100006
1181,410.359985,439.5
1182,417.130005,420.089996
1183,411.76001,416.450012
1184,408.5,415.049988
1185,408.5,415.049988
1186,408.5,415.049988
1187,408.089996,410.850006
1188,441.609985,408.929993
1189,486.640015,460.170013
1190,499.269989,448.350006
1191,489.609985,492.0
1192,489.609985,492.0
1193,489.609985,492.0
1194,521.849976,497.98999
1195,555.380005,503.5
1196,574.0,540.400024
1197,574.0,540.400024
1198,585.76001,550.059998
1199,585.76001,550.059998
1200,585.76001,550.059998
1201,567.599976,581.159973
1202,584.76001,602.210022
1203,568.820007,597.590027
1204,593.380005,556.440002
1205,599.039978,590.02002
1206,599.039978,590.02002
1207,599.039978,590.02002
1208,641.76001,591.01001
1209,649.880005,604.919983
1210,604.47998,625.51001
1211,627.070007,653.690002
1212,609.98999,574.369995
1213,609.98999,574.369995
1214,609.98999,574.369995
1215,639.830017,615.01001
1216,633.25,619.0
1217,622.77002,643.280029
1218,655.900024,628.22998
1219,695.0,628.190002
1220,695.0,628.190002
1221,695.0,628.190002
1222,649.859985,668.900024
1223,640.340027,666.23999
1224,645.97998,648.0
1225,661.77002,632.200012
1226,661.77002,632.200012
1227,661.77002,632.200012
1228,661.77002,632.200012
1229,663.690002,642.98999
1230,665.98999,674.51001
1231,694.780029,661.0
1232,705.669983,672.0
1233,705.669983,672.0
1234,705.669983,672.0
1235,705.669983,672.0
1236,729.77002,699.98999
1237,735.109985,719.460022
1238,755.97998,723.659973
1239,816.039978,758.48999
1240,880.02002,777.630005
1241,880.02002,777.630005
1242,880.02002,777.630005
1243,811.190002,856.0
1244,849.440002,849.400024
1245,854.409973,831.0
1246,845.0,852.76001
1247,826.159973,843.390015
1248,826.159973,843.390015
1249,826.159973,843.390015
1250,826.159973,843.390015
1251,844.549988,852.0
1252,850.450012,837.799988
1253,844.98999,858.73999
1254,846.640015,855.0
1255,846.640015,855.0
1256,846.640015,855.0
1257,880.799988,834.309998
1258,883.090027,855.0
1259,864.159973,891.380005
1260,835.429993,870.349976
1261,793.530029,820.0
1262,793.530029,820.0
1263,793.530029,820.0
1264,839.809998,830.0
1265,872.789978,814.289978
1266,854.690002,844.679993
1267,849.98999,877.02002
1268,852.22998,855.0
1269,852.22998,855.0
1270,852.22998,855.0
1271,863.419983,845.0
1272,849.460022,869.669983
1273,804.820007,855.119995
1274,811.659973,843.640015
1275,816.119995,812.440002
1276,816.119995,812.440002
1277,816.119995,812.440002
1278,816.119995,812.440002
1279,796.219971,801.26001
1280,798.150024,818.0
1281,787.380005,779.090027
1282,781.299988,780.900024
1283,781.299988,780.900024
1284,781.299988,780.900024
1285,714.5,795.0
1286,698.840027,762.640015
1287,742.02002,662.130005
1288,682.219971,711.849976
1289,675.5,726.150024
1290,675.5,726.150024
1291,675.5,726.150024
1292,718.429993,700.0
1293,686.440002,690.109985
1294,653.200012,718.280029
1295,621.440002,687.98999
1296,597.950012,655.799988
1297,597.950012,655.799988
1298,597.950012,655.799988
1299,563.0,626.059998
1300,673.580017,600.549988
1301,668.059998,608.179993
1302,699.599976,700.299988
1303,693.72998,699.400024
1304,693.72998,699.400024
1305,693.72998,699.400024
1306,707.940002,670.0
1307,676.880005,694.090027
1308,701.809998,703.349976
1309,653.159973,656.869995
1310,654.869995,684.289978
1311,654.869995,684.289978
1312,654.869995,684.289978
1313,670.0,646.599976
1314,662.159973,684.590027
1315,630.27002,675.77002
1316,640.390015,667.909973
1317,618.710022,613.0
1318,618.710022,613.0
1319,618.710022,613.0
1320,611.289978,641.869995
1321,635.619995,615.640015
1322,667.929993,601.75
1323,661.75,646.619995
1324,661.75,646.619995
1325,661.75,646.619995
1326,661.75,646.619995
1327,691.049988,688.369995
1328,691.619995,707.710022
1329,670.969971,690.299988
1330,683.799988,687.0
1331,677.02002,677.380005
1332,677.02002,677.380005
1333,677.02002,677.380005
1334,701.97998,677.77002
1335,762.320007,685.700012
1336,732.22998,712.700012
1337,738.849976,770.700012
1338,739.780029,743.099976
1339,739.780029,743.099976
1340,739.780029,743.099976
1341,714.630005,728.650024
1342,718.98999,719.599976
1343,744.119995,717.419983
1344,719.690002,704.77002
1345,729.400024,741.5
1346,729.400024,741.5
1347,729.400024,741.5
1348,738.200012,719.799988
1349,704.73999,741.0
1350,694.400024,717.960022
1351,677.0,696.409973
1352,709.440002,699.51001
1353,709.440002,699.51001
1354,709.440002,699.51001
1355,684.900024,667.590027
1356,673.599976,703.799988
1357,670.940002,678.940002
1358,663.539978,681.059998
1359,672.369995,680.76001
1360,672.369995,680.76001
1361,672.369995,680.76001
1362,629.039978,665.799988
1363,617.200012,664.900024
1364,589.890015,599.23999
1365,571.690002,602.48999
1366,589.73999,601.539978
1367,589.73999,601.539978
1368,589.73999,601.539978
1369,576.830017,583.409973
1370,577.869995,575.549988
1371,563.460022,568.0
1372,586.780029,552.549988
1373,580.880005,575.0
1374,580.880005,575.0
1375,580.880005,575.0
1376,606.440002,596.109985
1377,604.690002,581.599976
1378,619.130005,607.309998
1379,630.849976,607.559998
1380,625.219971,620.23999
1381,625.219971,620.23999
1382,625.219971,620.23999
1383,625.219971,620.23999
1384,623.900024,628.5
1385,605.119995,627.799988
1386,572.840027,620.130005
1387,599.049988,601.799988
1388,599.049988,601.799988
1389,599.049988,601.799988
1390,605.130005,579.710022
1391,603.590027,591.830017
1392,598.780029,623.01001
1393,610.119995,602.169983
1394,609.890015,603.880005
1395,609.890015,603.880005
1396,609.890015,603.880005
1397,617.690002,610.22998
1398,599.359985,612.22998
1399,604.869995,616.690002
1400,616.599976,597.539978
1401,623.309998,601.890015
1402,623.309998,601.890015
1403,623.309998,601.890015
1404,620.830017,613.369995
1405,623.710022,624.47998
1406,656.570007,618.25
1407,679.820007,632.0
1408,671.869995,674.98999
1409,671.869995,674.98999
1410,671.869995,674.98999
1411,688.719971,689.580017
1412,680.76001,671.640015
1413,679.700012,684.650024
1414,677.919983,679.77002
1415,678.900024,683.919983
1416,678.900024,683.919983
1417,678.900024,683.919983
1418,678.900024,683.919983
1419,659.580017,678.97998
1420,644.650024,681.710022
1421,652.809998,664.27002
1422,656.950012,628.369995
1423,656.950012,628.369995
1424,656.950012,628.369995
1425,685.700012,653.179993
1426,668.539978,662.200012
1427,653.380005,686.320007
1428,650.599976,670.75
1429,644.219971,658.390015
1430,644.219971,658.390015
1431,644.219971,658.390015
1432,646.219971,654.679993
1433,660.5,629.890015
1434,655.289978,651.98999
1435,649.26001,659.609985
1436,643.380005,656.440002
1437,643.380005,656.440002
1438,643.380005,656.440002
1439,657.619995,646.359985
1440,644.780029,650.969971
1441,646.97998,663.400024
1442,677.349976,647.0
1443,687.200012,649.789978
1444,687.200012,649.789978
1445,687.200012,649.789978
1446,709.669983,671.76001
1447,709.73999,700.0
1448,710.919983,719.0
1449,714.630005,711.0
1450,699.099976,716.0
1451,699.099976,716.0
1452,699.099976,716.0
1453,713.76001,711.900024
1454,709.98999,710.169983
1455,707.820007,713.98999
1456,722.25,712.710022
1457,717.169983,706.340027
1458,717.169983,706.340027
1459,717.169983,706.340027
1460,686.169983,723.710022
1461,665.710022,705.070007
1462,688.98999,672.659973
1463,673.469971,669.75
1464,680.26001,678.210022
1465,680.26001,678.210022
1466,680.26001,678.210022
1467,706.299988,682.849976
1468,708.48999,685.440002
1469,711.200012,710.679993
1470,701.159973,707.030029
1471,711.919983,708.309998
1472,711.919983,708.309998
1473,711.919983,708.309998
1474,730.909973,705.0
1475,735.719971,714.719971
1476,734.090027,733.0
1477,732.390015,734.080017
1478,733.570007,734.5
1479,733.570007,734.5
1480,733.570007,734.5
1481,733.570007,734.5
1482,752.919983,732.25
1483,753.869995,740.0
1484,754.859985,761.580017
1485,736.27002,753.409973
1486,736.27002,753.409973
1487,736.27002,753.409973
1488,743.0,759.599976
1489,744.48999,740.210022
1490,755.830017,742.570007
1491,756.98999,745.0
1492,759.48999,752.830017
1493,759.48999,752.830017
1494,759.48999,752.830017
1495,730.169983,757.150024
1496,739.380005,734.559998
1497,751.940002,734.789978
1498,753.640015,743.530029
1499,774.390015,755.0
1500,774.390015,755.0
1501,774.390015,755.0
1502,791.359985,745.890015
1503,777.559998,773.119995
1504,781.309998,787.200012
1505,775.47998,779.799988
1506,775.219971,781.0
1507,775.219971,781.0
1508,775.219971,781.0
1509,781.530029,778.400024
1510,780.590027,796.5
1511,782.75,784.799988
1512,793.609985,776.200012
1513,785.48999,785.460022
1514,785.48999,785.460022
1515,785.48999,785.460022
1516,791.940002,796.210022
1517,805.719971,787.650024
1518,811.080017,800.929993
1519,818.320007,810.469971
1520,843.030029,815.48999
1521,843.030029,815.48999
1522,843.030029,815.48999
1523,870.109985,823.73999
1524,864.27002,851.789978
1525,865.799988,877.530029
1526,894.0,865.349976
1527,909.679993,856.0
1528,909.679993,856.0
1529,909.679993,856.0
1530,1024.859985,895.5
1531,1018.429993,950.530029
1532,1037.859985,1024.689941
1533,1077.040039,1039.660034
1534,1114.0,1068.310059
1535,1114.0,1068.310059
1536,1114.0,1068.310059
1537,1208.589966,1081.859985
1538,1172.0,1145.0
1539,1213.859985,1159.359985
1540,1229.910034,1177.329956
1541,1222.089966,1234.410034
1542,1222.089966,1234.410034
1543,1222.089966,1234.410034
1544,1162.939941,1228.0
1545,1023.5,1149.790039
1546,1067.949951,1173.599976
1547,1063.51001,1010.409973
1548,1033.420044,1102.77002
1549,1033.420044,1102.77002
1550,1033.420044,1102.77002
1551,1013.390015,1047.5
1552,1054.72998,1017.630005
1553,1089.01001,1003.309998
1554,1096.380005,1063.51001
1555,1137.060059,1106.550049
1556,1137.060059,1106.550049
1557,1137.060059,1106.550049
1558,1156.869995,1098.869995
1559,1109.030029,1162.329956
1560,1116.0,1167.51001
1561,1116.0,1167.51001
1562,1081.920044,1080.390015
1563,1081.920044,1080.390015
1564,1081.920044,1080.390015
1565,1136.98999,1099.469971
1566,1144.76001,1100.98999
1567,1095.0,1144.369995
1568,1084.599976,1160.699951
1569,1014.969971,1099.060059
1570,1014.969971,1099.060059
1571,1014.969971,1099.060059
1572,1009.01001,1084.790039
1573,1051.75,1001.51001
1574,1068.959961,1044.199951
1575,1003.799988,1052.709961
1576,1017.030029,1060.640015
1577,1017.030029,1060.640015
1578,1017.030029,1060.640015
1579,966.409973,1008.75
1580,958.51001,1001.090027
1581,975.98999,945.0
1582,926.919983,953.210022
1583,932.570007,994.5
1584,932.570007,994.5
1585,932.570007,994.5
1586,899.940002,914.77002
1587,938.530029,910.700012
1588,1008.869995,916.869995
1589,1067.0,965.659973
1590,1067.0,965.659973
1591,1067.0,965.659973
1592,1067.0,965.659973
1593,1093.939941,1006.799988
1594,1088.469971,1073.670044
1595,1086.189941,1109.48999
1596,1070.339966,1098.640015
1597,1056.780029,1061.329956
1598,1056.780029,1061.329956
1599,1056.780029,1061.329956
1600,1199.780029,1073.439941
1601,1149.589966,1147.75
1602,1088.119995,1189.550049
1603,1064.699951,1146.650024
1604,1026.959961,1077.0
1605,1026.959961,1077.0
1606,1026.959961,1077.0
1607,1058.119995,1080.369995
1608,1064.400024,1000.0
1609,1106.219971,1053.670044
1610,1031.560059,1078.849976
1611,1049.609985,1109.069946
1612,1049.609985,1109.069946
1613,1049.609985,1109.069946
1614,1049.609985,1109.069946
1615,1030.51001,1019.880005
1616,995.650024,1026.609985
1617,996.27002,1041.709961
1618,943.900024,1009.72998
1619,943.900024,1009.72998
1620,943.900024,1009.72998
1621,930.0,996.340027
1622,918.400024,904.76001
1623,937.409973,914.200012
1624,829.099976,952.429993
1625,846.349976,933.359985
1626,846.349976,933.359985
1627,846.349976,933.359985
1628,936.719971,831.559998
1629,931.25,872.710022
1630,905.659973,935.210022
1631,891.140015,928.179993
1632,923.320007,882.0
1633,923.320007,882.0
1634,923.320007,882.0
1635,907.340027,897.219971
1636,922.0,923.789978
1637,932.0,905.530029
1638,904.549988,935.0
1639,860.0,908.369995
1640,860.0,908.369995
1641,860.0,908.369995
1642,875.76001,909.630005
1643,922.429993,861.570007
1644,923.390015,900.0
1645,876.349976,914.049988
1646,856.97998,913.26001
1647,856.97998,913.26001
1648,856.97998,913.26001
1649,856.97998,913.26001
1650,821.530029,886.0
1651,764.039978,834.130005
1652,800.77002,830.429993
1653,809.869995,700.390015
1654,809.869995,700.390015
1655,809.869995,700.390015
1656,870.429993,809.22998
1657,864.369995,815.01001
1658,879.890015,869.679993
1659,839.289978,872.130005
1660,838.289978,878.77002
1661,838.289978,878.77002
1662,838.289978,878.77002
1663,804.580017,849.099976
1664,824.400024,856.299988
1665,858.969971,795.530029
1666,838.299988,839.47998
1667,795.349976,851.450012
1668,795.349976,851.450012
1669,795.349976,851.450012
1670,766.369995,840.200012
1671,801.890015,780.609985
1672,840.22998,775.27002
1673,871.599976,809.0
1674,905.390015,830.98999
1675,905.390015,830.98999
1676,905.390015,830.98999
1677,921.159973,874.48999
1678,993.97998,914.97998
1679,999.109985,930.0
1680,1013.919983,979.940002
1681,1010.640015,1009.72998
1682,1010.640015,1009.72998
1683,1010.640015,1009.72998
1684,1091.839966,1008.0
1685,1099.569946,1065.099976
1686,1093.98999,1107.98999
1687,1077.599976,1091.170044
1688,1084.589966,1094.569946
1689,1084.589966,1094.569946
1690,1084.589966,1094.569946
1691,1145.449951,1081.150024
1692,1091.26001,1089.380005
1693,1045.76001,1136.300049
1694,1057.26001,1073.469971
1695,1025.48999,1052.390015
1696,1025.48999,1052.390015
1697,1025.48999,1052.390015
1698,975.929993,1043.209961
1699,986.950012,980.400024
1700,1022.369995,997.640015
1701,985.0,981.080017
1702,985.0,981.080017
1703,985.0,981.080017
1704,985.0,981.080017
1705,1004.289978,999.289978
1706,1028.150024,989.030029
1707,977.200012,1005.059998
1708,1008.780029,1030.0
1709,1005.049988,1074.72998
1710,1005.049988,1074.72998
1711,1005.049988,1074.72998
1712,998.02002,1014.909973
1713,876.419983,978.969971
1714,881.51001,995.429993
1715,877.51001,898.580017
1716,870.76001,899.97998
1717,870.76001,899.97998
1718,870.76001,899.97998
1719,902.940002,902.25
1720,909.25,860.77002
1721,952.619995,903.179993
1722,873.280029,903.940002
1723,865.650024,939.02002
1724,865.650024,939.02002
1725,865.650024,939.02002
1726,787.109985,887.0
1727,800.039978,836.450012
1728,734.0,819.309998
1729,728.0,795.0
1730,769.590027,701.0
1731,769.590027,701.0
1732,769.590027,701.0
1733,724.369995,773.47998
1734,761.609985,767.159973
1735,709.809998,747.359985
1736,709.419983,744.52002
1737,663.900024,707.0
1738,663.900024,707.0
1739,663.900024,707.0
1740,674.900024,713.98999
1741,628.159973,655.02002
1742,658.799988,653.530029
1743,707.72998,623.849976
1744,759.630005,661.419983
1745,759.630005,661.419983
1746,759.630005,661.419983
1747,759.630005,661.419983
1748,758.26001,723.25
1749,740.369995,773.840027
1750,775.0,755.159973
1751,703.549988,732.469971
1752,703.549988,732.469971
1753,703.549988,732.469971
1754,714.840027,729.679993
1755,716.659973,733.059998
1756,725.599976,702.0
1757,719.119995,720.26001
1758,696.690002,748.02002
1759,696.690002,748.02002
1760,696.690002,748.02002
1761,647.210022,705.469971
1762,662.669983,669.5
1763,699.0,654.859985
1764,639.299988,662.75
1765,650.280029,668.210022
1766,650.280029,668.210022
1767,650.280029,668.210022
1768,650.280029,668.210022
1769,711.109985,640.299988
1770,708.26001,673.809998
1771,705.210022,703.51001
1772,737.119995,713.719971
1773,737.119995,713.719971
1774,737.119995,713.719971
1775,734.76001,712.409973
1776,697.98999,748.099976
1777,685.469971,733.450012
1778,673.419983,691.5
