timestamp,value
2017-07-29T00:00:00Z,0.008267305
2017-07-30T00:00:00Z,0.008346276
2017-07-31T00:00:00Z,0.009518445
2017-08-01T00:00:00Z,0.012158466
2017-08-02T00:00:00Z,0.011086956
2017-08-03T00:00:00Z,0.011155906
2017-08-04T00:00:00Z,0.010222274
2017-08-05T00:00:00Z,0.011017392
2017-08-06T00:00:00Z,0.011388729
2017-08-07T00:00:00Z,0.014734581
2017-08-08T00:00:00Z,0.015430859
2017-08-09T00:00:00Z,0.012209386
2017-08-10T00:00:00Z,0.014376922
2017-08-11T00:00:00Z,0.015912969
2017-08-12T00:00:00Z,0.015496514
2017-08-13T00:00:00Z,0.013634674
2017-08-14T00:00:00Z,0.015436083
2017-08-15T00:00:00Z,0.016976595
2017-08-16T00:00:00Z,0.049223335
2017-08-17T00:00:00Z,0.029734802
2017-08-18T00:00:00Z,0.043666169
2017-08-19T00:00:00Z,0.020485863
2017-08-20T00:00:00Z,0.013071988
2017-08-21T00:00:00Z,0.014295104
2017-08-22T00:00:00Z,0.014241708
2017-08-23T00:00:00Z,0.013776496
2017-08-24T00:00:00Z,0.014128637
2017-08-25T00:00:00Z,0.016208637
2017-08-26T00:00:00Z,0.015795739
2017-08-27T00:00:00Z,0.014557284
2017-08-28T00:00:00Z,0.017234393
2017-08-29T00:00:00Z,0.026340172
2017-08-30T00:00:00Z,0.022365367
2017-08-31T00:00:00Z,0.037823411
2017-09-01T00:00:00Z,0.026638504
2017-09-02T00:00:00Z,0.031531643
2017-09-03T00:00:00Z,0.015665505
2017-09-04T00:00:00Z,0.025131175
2017-09-05T00:00:00Z,0.031232295
2017-09-06T00:00:00Z,0.039182802
2017-09-07T00:00:00Z,0.036964919
2017-09-08T00:00:00Z,0.037888316
2017-09-09T00:00:00Z,0.022639748
2017-09-10T00:00:00Z,0.02130175
2017-09-11T00:00:00Z,0.020444103
2017-09-12T00:00:00Z,0.026218483
2017-09-13T00:00:00Z,0.023916664
2017-09-14T00:00:00Z,0.020751288
2017-09-15T00:00:00Z,0.031574858
2017-09-16T00:00:00Z,0.033044913
2017-09-17T00:00:00Z,0.018946888
2017-09-18T00:00:00Z,0.020706184
2017-09-19T00:00:00Z,0.019489452
2017-09-20T00:00:00Z,0.033114737
2017-09-21T00:00:00Z,0.016571861
2017-09-22T00:00:00Z,0.01907278
2017-09-23T00:00:00Z,0.020593828
2017-09-24T00:00:00Z,0.027675993
2017-09-25T00:00:00Z,0.025112088
2017-09-26T00:00:00Z,0.024740835
2017-09-27T00:00:00Z,0.026696703
2017-09-28T00:00:00Z,0.024086242
2017-09-29T00:00:00Z,0.021792646
2017-09-30T00:00:00Z,0.024305603
2017-10-01T00:00:00Z,0.023149383
2017-10-02T00:00:00Z,0.023108062
2017-10-03T00:00:00Z,0.024502194
2017-10-04T00:00:00Z,0.024540974
2017-10-05T00:00:00Z,0.026357744
2017-10-06T00:00:00Z,0.028280599
2017-10-07T00:00:00Z,0.020629275
2017-10-08T00:00:00Z,0.022970404
2017-10-09T00:00:00Z,0.024366838
2017-10-10T00:00:00Z,0.026272737
2017-10-11T00:00:00Z,0.057087257
2017-10-12T00:00:00Z,0.026683309
2017-10-13T00:00:00Z,0.029852518
2017-10-14T00:00:00Z,0.025321847
2017-10-15T00:00:00Z,0.024204646
2017-10-16T00:00:00Z,0.020419169
2017-10-17T00:00:00Z,0.015773385
2017-10-18T00:00:00Z,0.014477032
2017-10-19T00:00:00Z,0.013711465
2017-10-20T00:00:00Z,0.023447253
2017-10-21T00:00:00Z,0.011294087
2017-10-22T00:00:00Z,0.009531223
2017-10-23T00:00:00Z,0.013003597
2017-10-24T00:00:00Z,0.017096883
2017-10-25T00:00:00Z,0.014172681
2017-10-26T00:00:00Z,0.013435682
2017-10-27T00:00:00Z,0.014320744
2017-10-28T00:00:00Z,0.011659669
2017-10-29T00:00:00Z,0.011811965
2017-10-30T00:00:00Z,0.014494814
2017-10-31T00:00:00Z,0.015769488
2017-11-01T00:00:00Z,0.017982847
2017-11-02T00:00:00Z,0.018086751
2017-11-03T00:00:00Z,0.013536717
2017-11-04T00:00:00Z,0.010395758
2017-11-05T00:00:00Z,0.009607953
2017-11-06T00:00:00Z,0.013105609
2017-11-07T00:00:00Z,0.015198651
2017-11-08T00:00:00Z,0.018412125
2017-11-09T00:00:00Z,0.015745469
2017-11-10T00:00:00Z,0.014011013
2017-11-11T00:00:00Z,0.01127956
2017-11-12T00:00:00Z,0.014519978
2017-11-13T00:00:00Z,0.014924114
2017-11-14T00:00:00Z,0.016482402
2017-11-15T00:00:00Z,0.01973697
2017-11-16T00:00:00Z,0.017181462
2017-11-17T00:00:00Z,0.018009246
2017-11-18T00:00:00Z,0.012415739
2017-11-19T00:00:00Z,0.01363372
2017-11-20T00:00:00Z,0.017878286
2017-11-21T00:00:00Z,0.017530001
2017-11-22T00:00:00Z,0.017514296
2017-11-23T00:00:00Z,0.017534136
2017-11-24T00:00:00Z,0.015052704
2017-11-25T00:00:00Z,0.014051199
2017-11-26T00:00:00Z,0.017138096
2017-11-27T00:00:00Z,0.017884259
2017-11-28T00:00:00Z,0.020412253
2017-11-29T00:00:00Z,0.021288838
2017-11-30T00:00:00Z,0.020305538
2017-12-01T00:00:00Z,0.019914711
2017-12-02T00:00:00Z,0.016764465
2017-12-03T00:00:00Z,0.019627777
2017-12-04T00:00:00Z,0.03787514
2017-12-05T00:00:00Z,0.054228311
2017-12-06T00:00:00Z,0.069456575
2017-12-07T00:00:00Z,0.09673722
2017-12-08T00:00:00Z,0.101789465
2017-12-09T00:00:00Z,0.093705261
2017-12-10T00:00:00Z,0.085980194
2017-12-11T00:00:00Z,0.070070034
2017-12-12T00:00:00Z,0.070455001
2017-12-13T00:00:00Z,0.065535404
2017-12-14T00:00:00Z,0.076176611
2017-12-15T00:00:00Z,0.065296758
2017-12-16T00:00:00Z,0.067194928
2017-12-17T00:00:00Z,0.054491529
2017-12-18T00:00:00Z,0.053486823
2017-12-19T00:00:00Z,0.067249506
2017-12-20T00:00:00Z,0.077427013
2017-12-21T00:00:00Z,0.079377915
2017-12-22T00:00:00Z,0.073842527
2017-12-23T00:00:00Z,0.054760956
2017-12-24T00:00:00Z,0.047570307
2017-12-25T00:00:00Z,0.035690456
2017-12-26T00:00:00Z,0.035171659
2017-12-27T00:00:00Z,0.038680179
2017-12-28T00:00:00Z,0.039166759
2017-12-29T00:00:00Z,0.046925951
2017-12-30T00:00:00Z,0.045201446
2017-12-31T00:00:00Z,0.040852606
2018-01-01T00:00:00Z,0.035921194
2018-01-02T00:00:00Z,0.04871961
2018-01-03T00:00:00Z,0.056791327
2018-01-04T00:00:00Z,0.066096101
2018-01-05T00:00:00Z,0.131994748
2018-01-06T00:00:00Z,0.148098691
2018-01-07T00:00:00Z,0.120810014
2018-01-08T00:00:00Z,0.125035548
2018-01-09T00:00:00Z,0.129750698
2018-01-10T00:00:00Z,0.149187154
2018-01-11T00:00:00Z,0.129634732
2018-01-12T00:00:00Z,0.100022625
2018-01-13T00:00:00Z,0.1044425
2018-01-14T00:00:00Z,0.096155519
2018-01-15T00:00:00Z,0.09836299
2018-01-16T00:00:00Z,0.096455975
2018-01-17T00:00:00Z,0.090310003
2018-01-18T00:00:00Z,0.094839859
2018-01-19T00:00:00Z,0.082929365
2018-01-20T00:00:00Z,0.07883793
2018-01-21T00:00:00Z,0.061298388
2018-01-22T00:00:00Z,0.054994777
2018-01-23T00:00:00Z,0.065630361
2018-01-24T00:00:00Z,0.059108885
2018-01-25T00:00:00Z,0.049469956
2018-01-26T00:00:00Z,0.044886158
2018-01-27T00:00:00Z,0.038440781
2018-01-28T00:00:00Z,0.041388177
2018-01-29T00:00:00Z,0.058405115
2018-01-30T00:00:00Z,0.049728799
2018-01-31T00:00:00Z,0.049468679
2018-02-01T00:00:00Z,0.070178207
2018-02-02T00:00:00Z,0.05505351
2018-02-03T00:00:00Z,0.041839508
2018-02-04T00:00:00Z,0.039922627
2018-02-05T00:00:00Z,0.040601157
2018-02-06T00:00:00Z,0.043443883
2018-02-07T00:00:00Z,0.039963266
2018-02-08T00:00:00Z,0.031123858
2018-02-09T00:00:00Z,0.033474755
2018-02-10T00:00:00Z,0.035520405
2018-02-11T00:00:00Z,0.031118431
2018-02-12T00:00:00Z,0.030416623
2018-02-13T00:00:00Z,0.029961704
2018-02-14T00:00:00Z,0.031024384
2018-02-15T00:00:00Z,0.029880085
2018-02-16T00:00:00Z,0.028675844
2018-02-17T00:00:00Z,0.031976266
2018-02-18T00:00:00Z,0.036289143
2018-02-19T00:00:00Z,0.031122801
2018-02-20T00:00:00Z,0.035239753
2018-02-21T00:00:00Z,0.034621369
2018-02-22T00:00:00Z,0.029247572
2018-02-23T00:00:00Z,0.029426377
2018-02-24T00:00:00Z,0.029693156
2018-02-25T00:00:00Z,0.026432548
2018-02-26T00:00:00Z,0.026162332
2018-02-27T00:00:00Z,0.02690524
2018-02-28T00:00:00Z,0.03513844
2018-03-01T00:00:00Z,0.027256803
2018-03-02T00:00:00Z,0.034303176
2018-03-03T00:00:00Z,0.024300114
2018-03-04T00:00:00Z,0.026663925
2018-03-05T00:00:00Z,0.030258877
2018-03-06T00:00:00Z,0.024620306
2018-03-07T00:00:00Z,0.028742716
2018-03-08T00:00:00Z,0.025941827
2018-03-09T00:00:00Z,0.023988564
2018-03-10T00:00:00Z,0.01905604
2018-03-11T00:00:00Z,0.01730499
2018-03-12T00:00:00Z,0.02459641
2018-03-13T00:00:00Z,0.0188574
2018-03-14T00:00:00Z,0.020237919
2018-03-15T00:00:00Z,0.018840981
2018-03-16T00:00:00Z,0.02006343
2018-03-17T00:00:00Z,0.015066433
2018-03-18T00:00:00Z,0.017576963
2018-03-19T00:00:00Z,0.018226646
2018-03-20T00:00:00Z,0.018273911
2018-03-21T00:00:00Z,0.021351638
2018-03-22T00:00:00Z,0.02038763
2018-03-23T00:00:00Z,0.021760822
2018-03-24T00:00:00Z,0.018218913
2018-03-25T00:00:00Z,0.016161676
2018-03-26T00:00:00Z,0.020826501
2018-03-27T00:00:00Z,0.017487042
2018-03-28T00:00:00Z,0.017734528
2018-03-29T00:00:00Z,0.018682521
2018-03-30T00:00:00Z,0.016947215
2018-03-31T00:00:00Z,0.013555261
2018-04-01T00:00:00Z,0.012269588
2018-04-02T00:00:00Z,0.014852205
2018-04-03T00:00:00Z,0.016029927
2018-04-04T00:00:00Z,0.013761456
2018-04-05T00:00:00Z,0.023158409
2018-04-06T00:00:00Z,0.016952081
2018-04-07T00:00:00Z,0.01184175
2018-04-08T00:00:00Z,0.013683444
2018-04-09T00:00:00Z,0.014921069
2018-04-10T00:00:00Z,0.014060799
2018-04-11T00:00:00Z,0.015853204
2018-04-12T00:00:00Z,0.018412093
2018-04-13T00:00:00Z,0.02098522
2018-04-14T00:00:00Z,0.015312551
2018-04-15T00:00:00Z,0.014175855
2018-04-16T00:00:00Z,0.015964709
2018-04-17T00:00:00Z,0.01734502
2018-04-18T00:00:00Z,0.020392774
2018-04-19T00:00:00Z,0.021089778
2018-04-20T00:00:00Z,0.021397136
2018-04-21T00:00:00Z,0.016651677
2018-04-22T00:00:00Z,0.017188203
2018-04-23T00:00:00Z,0.01871943
2018-04-24T00:00:00Z,0.022950917
2018-04-25T00:00:00Z,0.021637074
2018-04-26T00:00:00Z,0.021793491
2018-04-27T00:00:00Z,0.023339291
2018-04-28T00:00:00Z,0.02496656
2018-04-29T00:00:00Z,0.025693844
2018-04-30T00:00:00Z,0.026833344
2018-05-01T00:00:00Z,0.021289283
2018-05-02T00:00:00Z,0.022319501
2018-05-03T00:00:00Z,0.02689294
2018-05-04T00:00:00Z,0.025816315
2018-05-05T00:00:00Z,0.020273432
2018-05-06T00:00:00Z,0.018249218
2018-05-07T00:00:00Z,0.020965644
2018-05-08T00:00:00Z,0.023778193
2018-05-09T00:00:00Z,0.024818784
2018-05-10T00:00:00Z,0.034780086
2018-05-11T00:00:00Z,0.033749309
2018-05-12T00:00:00Z,0.02361408
2018-05-13T00:00:00Z,0.024902131
2018-05-14T00:00:00Z,0.031691896
2018-05-15T00:00:00Z,0.031710645
2018-05-16T00:00:00Z,0.033948983
2018-05-17T00:00:00Z,0.036857065
2018-05-18T00:00:00Z,0.034866928
2018-05-19T00:00:00Z,0.031035133
2018-05-20T00:00:00Z,0.028435878
2018-05-21T00:00:00Z,0.031936508
2018-05-22T00:00:00Z,0.036154074
2018-05-23T00:00:00Z,0.036034529
2018-05-24T00:00:00Z,0.034117121
2018-05-25T00:00:00Z,0.032260904
2018-05-26T00:00:00Z,0.027986914
2018-05-27T00:00:00Z,0.026072207
2018-05-28T00:00:00Z,0.040058127
2018-05-29T00:00:00Z,0.038448342
2018-05-30T00:00:00Z,0.040250928
2018-05-31T00:00:00Z,0.049222278
2018-06-01T00:00:00Z,0.040855905
2018-06-02T00:00:00Z,0.028287721
2018-06-03T00:00:00Z,0.028036971
2018-06-04T00:00:00Z,0.034284605
2018-06-05T00:00:00Z,0.030253488
2018-06-06T00:00:00Z,0.037747606
2018-06-07T00:00:00Z,0.029467027
2018-06-08T00:00:00Z,0.025795901
2018-06-09T00:00:00Z,0.020661551
2018-06-10T00:00:00Z,0.021015971
2018-06-11T00:00:00Z,0.022235876
2018-06-12T00:00:00Z,0.022168844
2018-06-13T00:00:00Z,0.023159526
2018-06-14T00:00:00Z,0.024894969
2018-06-15T00:00:00Z,0.028473216
2018-06-16T00:00:00Z,0.027209917
2018-06-17T00:00:00Z,0.014984455
2018-06-18T00:00:00Z,0.01582167
2018-06-19T00:00:00Z,0.022242379
2018-06-20T00:00:00Z,0.020817576
2018-06-21T00:00:00Z,0.019930758
2018-06-22T00:00:00Z,0.040973334
2018-06-23T00:00:00Z,0.016533521
2018-06-24T00:00:00Z,0.024672731
2018-06-25T00:00:00Z,0.025038845
2018-06-26T00:00:00Z,0.018475761
2018-06-27T00:00:00Z,0.018521104
2018-06-28T00:00:00Z,0.017835144
2018-06-29T00:00:00Z,0.018889981
2018-06-30T00:00:00Z,0.088280739
2018-07-01T00:00:00Z,0.136797666
2018-07-02T00:00:00Z,0.22098275
2018-07-03T00:00:00Z,0.164025009
2018-07-04T00:00:00Z,0.125683121
2018-07-05T00:00:00Z,0.111466746
2018-07-06T00:00:00Z,0.141147348
2018-07-07T00:00:00Z,0.128100936
2018-07-08T00:00:00Z,0.063410182
2018-07-09T00:00:00Z,0.050436124
2018-07-10T00:00:00Z,0.034809319
2018-07-11T00:00:00Z,0.038995638
2018-07-12T00:00:00Z,0.062315607
2018-07-13T00:00:00Z,0.070188974
2018-07-14T00:00:00Z,0.125397018
2018-07-15T00:00:00Z,0.147329308
2018-07-16T00:00:00Z,0.027819183
2018-07-17T00:00:00Z,0.023852889
2018-07-18T00:00:00Z,0.022994786
2018-07-19T00:00:00Z,0.020704604
2018-07-20T00:00:00Z,0.026911246
2018-07-21T00:00:00Z,0.027938661
2018-07-22T00:00:00Z,0.017401284
2018-07-23T00:00:00Z,0.026601048
2018-07-24T00:00:00Z,0.022605489
2018-07-25T00:00:00Z,0.02090506
2018-07-26T00:00:00Z,0.018784558
2018-07-27T00:00:00Z,0.017394667
2018-07-28T00:00:00Z,0.024460691
2018-07-29T00:00:00Z,0.014605896
2018-07-30T00:00:00Z,0.01653485
2018-07-31T00:00:00Z,0.016979305
2018-08-01T00:00:00Z,0.035315192
2018-08-02T00:00:00Z,0.015990526
2018-08-03T00:00:00Z,0.016491925
2018-08-04T00:00:00Z,0.0191114
2018-08-05T00:00:00Z,0.01263657
2018-08-06T00:00:00Z,0.020476991
2018-08-07T00:00:00Z,0.061829061
2018-08-08T00:00:00Z,0.1227979
2018-08-09T00:00:00Z,0.10797314
2018-08-10T00:00:00Z,0.069227601
2018-08-11T00:00:00Z,0.023993083
2018-08-12T00:00:00Z,0.017498448
2018-08-13T00:00:00Z,0.025171294
2018-08-14T00:00:00Z,0.028634541
2018-08-15T00:00:00Z,0.028183654
2018-08-16T00:00:00Z,0.025046494
2018-08-17T00:00:00Z,0.086245592
2018-08-18T00:00:00Z,0.021132642
2018-08-19T00:00:00Z,0.018905575
2018-08-20T00:00:00Z,0.019489639
2018-08-21T00:00:00Z,0.018093066
2018-08-22T00:00:00Z,0.042059085
2018-08-23T00:00:00Z,0.028643816
2018-08-24T00:00:00Z,0.048460937
2018-08-25T00:00:00Z,0.016068035
2018-08-26T00:00:00Z,0.044481388
2018-08-27T00:00:00Z,0.017995007
2018-08-28T00:00:00Z,0.018326622
2018-08-29T00:00:00Z,0.02551535
2018-08-30T00:00:00Z,0.021089131
2018-08-31T00:00:00Z,0.021451971
2018-09-01T00:00:00Z,0.017379486
2018-09-02T00:00:00Z,0.015941881
2018-09-03T00:00:00Z,0.017983934
2018-09-04T00:00:00Z,0.021899294
2018-09-05T00:00:00Z,0.01751316
2018-09-06T00:00:00Z,0.024252078
2018-09-07T00:00:00Z,0.024443988
2018-09-08T00:00:00Z,0.019546278
2018-09-09T00:00:00Z,0.020921734
2018-09-10T00:00:00Z,0.021465564
2018-09-11T00:00:00Z,0.024678189
2018-09-12T00:00:00Z,0.024833382
2018-09-13T00:00:00Z,0.025557978
2018-09-14T00:00:00Z,0.01884487
2018-09-15T00:00:00Z,0.018508107
2018-09-16T00:00:00Z,0.017730308
2018-09-17T00:00:00Z,0.021136533
2018-09-18T00:00:00Z,0.02620437
2018-09-19T00:00:00Z,0.03287282
2018-09-20T00:00:00Z,0.023651054
2018-09-21T00:00:00Z,0.031783491
2018-09-22T00:00:00Z,0.020219799
2018-09-23T00:00:00Z,0.017895211
2018-09-24T00:00:00Z,0.032318454
2018-09-25T00:00:00Z,0.024590615
2018-09-26T00:00:00Z,0.025315505
2018-09-27T00:00:00Z,0.027034101
2018-09-28T00:00:00Z,0.029514623
2018-09-29T00:00:00Z,0.031679419
2018-09-30T00:00:00Z,0.024824403
2018-10-01T00:00:00Z,0.029253163
2018-10-02T00:00:00Z,0.030541175
2018-10-03T00:00:00Z,0.021445027
2018-10-04T00:00:00Z,0.021199509
2018-10-05T00:00:00Z,0.020858622
2018-10-06T00:00:00Z,0.0139909
2018-10-07T00:00:00Z,0.015079447
2018-10-08T00:00:00Z,0.020688901
2018-10-09T00:00:00Z,0.018683112
2018-10-10T00:00:00Z,0.021525594
2018-10-11T00:00:00Z,0.022518563
2018-10-12T00:00:00Z,0.029412119
2018-10-13T00:00:00Z,0.016416914
2018-10-14T00:00:00Z,0.014249799
2018-10-15T00:00:00Z,0.01976734
2018-10-16T00:00:00Z,0.016966182
2018-10-17T00:00:00Z,0.018426181
2018-10-18T00:00:00Z,0.017449209
2018-10-19T00:00:00Z,0.020019534
2018-10-20T00:00:00Z,0.017567689
2018-10-21T00:00:00Z,0.016026495
2018-10-22T00:00:00Z,0.01934819
2018-10-23T00:00:00Z,0.019408051
2018-10-24T00:00:00Z,0.022582957
2018-10-25T00:00:00Z,0.026119174
2018-10-26T00:00:00Z,0.02291402
2018-10-27T00:00:00Z,0.017126923
2018-10-28T00:00:00Z,0.016123523
2018-10-29T00:00:00Z,0.020516818
2018-10-30T00:00:00Z,0.02053171
2018-10-31T00:00:00Z,0.020230397
2018-11-01T00:00:00Z,0.019700154
2018-11-02T00:00:00Z,0.021557743
2018-11-03T00:00:00Z,0.019292317
2018-11-04T00:00:00Z,0.017123307
2018-11-05T00:00:00Z,0.024079319
2018-11-06T00:00:00Z,0.024498686
2018-11-07T00:00:00Z,0.022330919
2018-11-08T00:00:00Z,0.026350435
2018-11-09T00:00:00Z,0.019913584
2018-11-10T00:00:00Z,0.014405724
2018-11-11T00:00:00Z,0.013436357
2018-11-12T00:00:00Z,0.021362694
2018-11-13T00:00:00Z,0.023017777
2018-11-14T00:00:00Z,0.027928925
2018-11-15T00:00:00Z,0.030459968
2018-11-16T00:00:00Z,0.026103752
2018-11-17T00:00:00Z,0.019993014
2018-11-18T00:00:00Z,0.0222408
2018-11-19T00:00:00Z,0.030800368
2018-11-20T00:00:00Z,0.03147992
2018-11-21T00:00:00Z,0.025387691
2018-11-22T00:00:00Z,0.02456065
2018-11-23T00:00:00Z,0.025546403
2018-11-24T00:00:00Z,0.022509254
2018-11-25T00:00:00Z,0.025770226
2018-11-26T00:00:00Z,0.025323125
2018-11-27T00:00:00Z,0.023935206
2018-11-28T00:00:00Z,0.031384069
2018-11-29T00:00:00Z,0.035363174
2018-11-30T00:00:00Z,0.042747344
2018-12-01T00:00:00Z,0.028793501
2018-12-02T00:00:00Z,0.025534834
2018-12-03T00:00:00Z,0.029688493
2018-12-04T00:00:00Z,0.030044935
2018-12-05T00:00:00Z,0.032002547
2018-12-06T00:00:00Z,0.024904083
2018-12-07T00:00:00Z,0.024606806
2018-12-08T00:00:00Z,0.017652203
2018-12-09T00:00:00Z,0.017102914
2018-12-10T00:00:00Z,0.019767635
2018-12-11T00:00:00Z,0.019497292
2018-12-12T00:00:00Z,0.018470145
2018-12-13T00:00:00Z,0.021644155
2018-12-14T00:00:00Z,0.029412427
2018-12-15T00:00:00Z,0.016819371
2018-12-16T00:00:00Z,0.015569637
2018-12-17T00:00:00Z,0.02017531
2018-12-18T00:00:00Z,0.033900126
2018-12-19T00:00:00Z,0.023375201
2018-12-20T00:00:00Z,0.023140875
2018-12-21T00:00:00Z,0.022089748
2018-12-22T00:00:00Z,0.016820306
2018-12-23T00:00:00Z,0.018824028
2018-12-24T00:00:00Z,0.022611408
2018-12-25T00:00:00Z,0.022504571
2018-12-26T00:00:00Z,0.02568606
2018-12-27T00:00:00Z,0.017595237
2018-12-28T00:00:00Z,0.018800689
2018-12-29T00:00:00Z,0.016484239
2018-12-30T00:00:00Z,0.02912899
2018-12-31T00:00:00Z,0.017185699
2019-01-01T00:00:00Z,0.015916496
2019-01-02T00:00:00Z,0.017801784
2019-01-03T00:00:00Z,0.01796381
2019-01-04T00:00:00Z,0.019806502
2019-01-05T00:00:00Z,0.02670482
2019-01-06T00:00:00Z,0.016552618
2019-01-07T00:00:00Z,0.018303737
2019-01-08T00:00:00Z,0.017300851
2019-01-09T00:00:00Z,0.016335621
2019-01-10T00:00:00Z,0.020053293
2019-01-11T00:00:00Z,0.018271421
2019-01-12T00:00:00Z,0.013769769
2019-01-13T00:00:00Z,0.014602799
2019-01-14T00:00:00Z,0.027427683
2019-01-15T00:00:00Z,0.023045714
2019-01-16T00:00:00Z,0.02395866
2019-01-17T00:00:00Z,0.018283286
2019-01-18T00:00:00Z,0.020352807
2019-01-19T00:00:00Z,0.018055374
2019-01-20T00:00:00Z,0.01699678
2019-01-21T00:00:00Z,0.021553882
2019-01-22T00:00:00Z,0.029353974
2019-01-23T00:00:00Z,0.021379941
2019-01-24T00:00:00Z,0.021604542
2019-01-25T00:00:00Z,0.019802218
2019-01-26T00:00:00Z,0.016734182
2019-01-27T00:00:00Z,0.016768042
2019-01-28T00:00:00Z,0.023631937
2019-01-29T00:00:00Z,0.020807057
2019-01-30T00:00:00Z,0.02206714
2019-01-31T00:00:00Z,0.024332474
2019-02-01T00:00:00Z,0.0228976
2019-02-02T00:00:00Z,0.01804484
2019-02-03T00:00:00Z,0.01639012
2019-02-04T00:00:00Z,0.017041847
2019-02-05T00:00:00Z,0.017198632
2019-02-06T00:00:00Z,0.018199549
2019-02-07T00:00:00Z,0.019285279
2019-02-08T00:00:00Z,0.020728027
2019-02-09T00:00:00Z,0.018689605
2019-02-10T00:00:00Z,0.020088325
2019-02-11T00:00:00Z,0.023878435
2019-02-12T00:00:00Z,0.023149089
2019-02-13T00:00:00Z,0.026584154
2019-02-14T00:00:00Z,0.029341528
2019-02-15T00:00:00Z,0.030309753
2019-02-16T00:00:00Z,0.026420705
2019-02-17T00:00:00Z,0.026855046
2019-02-18T00:00:00Z,0.035649351
2019-02-19T00:00:00Z,0.248548919
2019-02-20T00:00:00Z,0.033493046
2019-02-21T00:00:00Z,0.032627827
2019-02-22T00:00:00Z,0.031087302
2019-02-23T00:00:00Z,0.027460865
2019-02-24T00:00:00Z,0.033665993
2019-02-25T00:00:00Z,0.03768396
2019-02-26T00:00:00Z,0.037399116
2019-02-27T00:00:00Z,0.034132916
2019-02-28T00:00:00Z,0.040380915
2019-03-01T00:00:00Z,0.029606828
2019-03-02T00:00:00Z,0.025577421
2019-03-03T00:00:00Z,0.023804083
2019-03-04T00:00:00Z,0.030452853
2019-03-05T00:00:00Z,0.030315685
2019-03-06T00:00:00Z,0.029639961
2019-03-07T00:00:00Z,0.029199548
2019-03-08T00:00:00Z,0.028948405
2019-03-09T00:00:00Z,0.026015308
2019-03-10T00:00:00Z,0.022199273
2019-03-11T00:00:00Z,0.025239836
2019-03-12T00:00:00Z,0.025438751
2019-03-13T00:00:00Z,0.024906562
2019-03-14T00:00:00Z,0.023159689
2019-03-15T00:00:00Z,0.023880795
2019-03-16T00:00:00Z,0.019384784
2019-03-17T00:00:00Z,0.022377501
2019-03-18T00:00:00Z,0.160708022
2019-03-19T00:00:00Z,0.030742702
2019-03-20T00:00:00Z,0.027611237
2019-03-21T00:00:00Z,0.040006037
2019-03-22T00:00:00Z,0.032797947
2019-03-23T00:00:00Z,0.024813544
2019-03-24T00:00:00Z,0.024859236
2019-03-25T00:00:00Z,0.031151059
2019-03-26T00:00:00Z,0.032553087
2019-03-27T00:00:00Z,0.035232947
2019-03-28T00:00:00Z,0.030931176
2019-03-29T00:00:00Z,0.034837135
2019-03-30T00:00:00Z,0.027418715
2019-03-31T00:00:00Z,0.027859727
2019-04-01T00:00:00Z,0.034531312
2019-04-02T00:00:00Z,0.039760924
2019-04-03T00:00:00Z,0.04687053
2019-04-04T00:00:00Z,0.035475738
2019-04-05T00:00:00Z,0.028023395
2019-04-06T00:00:00Z,0.024663178
2019-04-07T00:00:00Z,0.025125397
2019-04-08T00:00:00Z,0.031756294
2019-04-09T00:00:00Z,0.028321307
2019-04-10T00:00:00Z,0.038022748
2019-04-11T00:00:00Z,0.033059111
2019-04-12T00:00:00Z,0.028920389
2019-04-13T00:00:00Z,0.02368127
2019-04-14T00:00:00Z,0.022250968
2019-04-15T00:00:00Z,0.025197895
2019-04-16T00:00:00Z,0.029340527
2019-04-17T00:00:00Z,0.030915739
2019-04-18T00:00:00Z,0.032064707
2019-04-19T00:00:00Z,0.026471701
2019-04-20T00:00:00Z,0.020952887
2019-04-21T00:00:00Z,0.022172069
2019-04-22T00:00:00Z,0.025693432
2019-04-23T00:00:00Z,0.027976496
2019-04-24T00:00:00Z,0.026386973
2019-04-25T00:00:00Z,0.022752511
2019-04-26T00:00:00Z,0.028793042
2019-04-27T00:00:00Z,0.018922854
2019-04-28T00:00:00Z,0.019918592
2019-04-29T00:00:00Z,0.022050819
2019-04-30T00:00:00Z,0.023803982
2019-05-01T00:00:00Z,0.024725336
2019-05-02T00:00:00Z,0.054025769
2019-05-03T00:00:00Z,0.027218202
2019-05-04T00:00:00Z,0.022103793
2019-05-05T00:00:00Z,0.023100787
2019-05-06T00:00:00Z,0.028266079
2019-05-07T00:00:00Z,0.033307436
2019-05-08T00:00:00Z,0.028356527
2019-05-09T00:00:00Z,0.027506504
2019-05-10T00:00:00Z,0.030255843
2019-05-11T00:00:00Z,0.026115359
2019-05-12T00:00:00Z,0.025862703
2019-05-13T00:00:00Z,0.033473015
2019-05-14T00:00:00Z,0.037137041
2019-05-15T00:00:00Z,0.04591543
2019-05-16T00:00:00Z,0.062635523
2019-05-17T00:00:00Z,0.050989443
2019-05-18T00:00:00Z,0.039430297
2019-05-19T00:00:00Z,0.034229662
2019-05-20T00:00:00Z,0.040341783
2019-05-21T00:00:00Z,0.033286099
2019-05-22T00:00:00Z,0.044813813
2019-05-23T00:00:00Z,0.039219777
2019-05-24T00:00:00Z,0.042022403
2019-05-25T00:00:00Z,0.031281557
2019-05-26T00:00:00Z,0.025662463
2019-05-27T00:00:00Z,0.043394994
2019-05-28T00:00:00Z,0.042411683
2019-05-29T00:00:00Z,0.045867854
2019-05-30T00:00:00Z,0.049219187
2019-05-31T00:00:00Z,0.04324968
2019-06-01T00:00:00Z,0.041997685
2019-06-02T00:00:00Z,0.030178148
2019-06-03T00:00:00Z,0.037841706
2019-06-04T00:00:00Z,0.038162714
2019-06-05T00:00:00Z,0.036487972
2019-06-06T00:00:00Z,0.034486623
2019-06-07T00:00:00Z,0.032492611
2019-06-08T00:00:00Z,0.050843251
2019-06-09T00:00:00Z,0.025332262
2019-06-10T00:00:00Z,0.052846196
2019-06-11T00:00:00Z,0.042189055
2019-06-12T00:00:00Z,0.027756255
2019-06-13T00:00:00Z,0.028186475
2019-06-14T00:00:00Z,0.036019786
2019-06-15T00:00:00Z,0.045629642
2019-06-16T00:00:00Z,0.027525137
2019-06-17T00:00:00Z,0.050195046
2019-06-18T00:00:00Z,0.034831925
2019-06-19T00:00:00Z,0.04018795
2019-06-20T00:00:00Z,0.053966529
2019-06-21T00:00:00Z,0.029481434
2019-06-22T00:00:00Z,0.027243667
2019-06-23T00:00:00Z,0.028603405
2019-06-24T00:00:00Z,0.033860072
2019-06-25T00:00:00Z,0.050174151
2019-06-26T00:00:00Z,0.048968465
2019-06-27T00:00:00Z,0.053865313
2019-06-28T00:00:00Z,0.052273206
2019-06-29T00:00:00Z,0.034073192
2019-06-30T00:00:00Z,0.033440145
2019-07-01T00:00:00Z,0.054407748
2019-07-02T00:00:00Z,0.041222486
2019-07-03T00:00:00Z,0.02989371
2019-07-04T00:00:00Z,0.027005015
2019-07-05T00:00:00Z,0.037077587
2019-07-06T00:00:00Z,0.032222649
2019-07-07T00:00:00Z,0.020915957
2019-07-08T00:00:00Z,0.037585478
2019-07-09T00:00:00Z,0.031322007
2019-07-10T00:00:00Z,0.026835991
2019-07-11T00:00:00Z,0.050768452
2019-07-12T00:00:00Z,0.030319732
2019-07-13T00:00:00Z,0.022249317
2019-07-14T00:00:00Z,0.028613416
2019-07-15T00:00:00Z,0.035542703
2019-07-16T00:00:00Z,0.069799959
2019-07-17T00:00:00Z,0.051479411
2019-07-18T00:00:00Z,0.026864563
2019-07-19T00:00:00Z,0.042477125
2019-07-20T00:00:00Z,0.02057068
2019-07-21T00:00:00Z,0.019877861
2019-07-22T00:00:00Z,0.022784365
2019-07-23T00:00:00Z,0.024771438
2019-07-24T00:00:00Z,0.051128853
2019-07-25T00:00:00Z,0.05086744
2019-07-26T00:00:00Z,0.02571763
2019-07-27T00:00:00Z,0.023906044
2019-07-28T00:00:00Z,0.018914086
2019-07-29T00:00:00Z,0.025151317
2019-07-30T00:00:00Z,0.0269714
2019-07-31T00:00:00Z,0.029387293
2019-08-01T00:00:00Z,0.049636936
2019-08-02T00:00:00Z,0.034491628
2019-08-03T00:00:00Z,0.040300513
2019-08-04T00:00:00Z,0.01894527
2019-08-05T00:00:00Z,0.026205945
2019-08-06T00:00:00Z,0.028543946
2019-08-07T00:00:00Z,0.026478407
2019-08-08T00:00:00Z,0.028076189
2019-08-09T00:00:00Z,0.029497592
2019-08-10T00:00:00Z,0.022883985
2019-08-11T00:00:00Z,0.020772699
2019-08-12T00:00:00Z,0.027002005
2019-08-13T00:00:00Z,0.031571121
2019-08-14T00:00:00Z,0.030040583
2019-08-15T00:00:00Z,0.035353244
2019-08-16T00:00:00Z,0.027107822
2019-08-17T00:00:00Z,0.020501106
2019-08-18T00:00:00Z,0.02113399
2019-08-19T00:00:00Z,0.032922639
2019-08-20T00:00:00Z,0.033319681
2019-08-21T00:00:00Z,0.039429582
2019-08-22T00:00:00Z,0.035085893
2019-08-23T00:00:00Z,0.032312812
2019-08-24T00:00:00Z,0.028678234
2019-08-25T00:00:00Z,0.035688596
2019-08-26T00:00:00Z,0.044752015
2019-08-27T00:00:00Z,0.035498776
2019-08-28T00:00:00Z,0.036139538
2019-08-29T00:00:00Z,0.036228838
2019-08-30T00:00:00Z,0.035418871
2019-08-31T00:00:00Z,0.031705852
2019-09-01T00:00:00Z,0.032591118
2019-09-02T00:00:00Z,0.03966054
2019-09-03T00:00:00Z,0.039332947
2019-09-04T00:00:00Z,0.038326511
2019-09-05T00:00:00Z,0.04775443
2019-09-06T00:00:00Z,0.051076141
2019-09-07T00:00:00Z,0.047501102
2019-09-08T00:00:00Z,0.051010943
2019-09-09T00:00:00Z,0.057990052
2019-09-10T00:00:00Z,0.063616133
2019-09-11T00:00:00Z,0.060263732
2019-09-12T00:00:00Z,0.065883497
2019-09-13T00:00:00Z,0.061162195
2019-09-14T00:00:00Z,0.065555309
2019-09-15T00:00:00Z,0.066917389
2019-09-16T00:00:00Z,0.068519543
2019-09-17T00:00:00Z,0.082731607
2019-09-18T00:00:00Z,0.086394731
2019-09-19T00:00:00Z,0.09819285
2019-09-20T00:00:00Z,0.097053972
2019-09-21T00:00:00Z,0.078379983
2019-09-22T00:00:00Z,0.062332348
2019-09-23T00:00:00Z,0.087728235
2019-09-24T00:00:00Z,0.103692645
2019-09-25T00:00:00Z,0.106917568
2019-09-26T00:00:00Z,0.082953599
2019-09-27T00:00:00Z,0.084678888
2019-09-28T00:00:00Z,0.082371889
2019-09-29T00:00:00Z,0.076959389
2019-09-30T00:00:00Z,0.070174285
2019-10-01T00:00:00Z,0.036254399
2019-10-02T00:00:00Z,0.035018152
2019-10-03T00:00:00Z,0.045588596
2019-10-04T00:00:00Z,0.035316989
2019-10-05T00:00:00Z,0.030584022
2019-10-06T00:00:00Z,0.027959617
2019-10-07T00:00:00Z,0.031701657
2019-10-08T00:00:00Z,0.033749879
2019-10-09T00:00:00Z,0.040710015
2019-10-10T00:00:00Z,0.035970372
2019-10-11T00:00:00Z,0.033826149
2019-10-12T00:00:00Z,0.028566672
2019-10-13T00:00:00Z,0.027257064
2019-10-14T00:00:00Z,0.032092199
2019-10-15T00:00:00Z,0.033213559
2019-10-16T00:00:00Z,0.033024652
2019-10-17T00:00:00Z,0.031413327
2019-10-18T00:00:00Z,0.033597081
2019-10-19T00:00:00Z,0.030067123
2019-10-20T00:00:00Z,0.032240298
2019-10-21T00:00:00Z,0.033970578
2019-10-22T00:00:00Z,0.03827621
2019-10-23T00:00:00Z,0.048877793
2019-10-24T00:00:00Z,0.038893801
2019-10-25T00:00:00Z,0.041786107
2019-10-26T00:00:00Z,0.040598478
2019-10-27T00:00:00Z,0.033197903
2019-10-28T00:00:00Z,0.039063733
2019-10-29T00:00:00Z,0.040462095
2019-10-30T00:00:00Z,0.040929627
2019-10-31T00:00:00Z,0.039200174
2019-11-01T00:00:00Z,0.035820849
2019-11-02T00:00:00Z,0.029207373
2019-11-03T00:00:00Z,0.030289675
2019-11-04T00:00:00Z,0.035497008
2019-11-05T00:00:00Z,0.037230042
2019-11-06T00:00:00Z,0.034236867
2019-11-07T00:00:00Z,0.048248924
2019-11-08T00:00:00Z,0.036944522
2019-11-09T00:00:00Z,0.031276197
2019-11-10T00:00:00Z,0.030954217
2019-11-11T00:00:00Z,0.03796978
2019-11-12T00:00:00Z,0.036490266
2019-11-13T00:00:00Z,0.037411772
2019-11-14T00:00:00Z,0.037826827
2019-11-15T00:00:00Z,0.036641751
2019-11-16T00:00:00Z,0.029235581
2019-11-17T00:00:00Z,0.030699521
2019-11-18T00:00:00Z,0.046820644
2019-11-19T00:00:00Z,0.039685686
2019-11-20T00:00:00Z,0.038714212
2019-11-21T00:00:00Z,0.056510049
2019-11-22T00:00:00Z,0.090499413
2019-11-23T00:00:00Z,0.032566553
2019-11-24T00:00:00Z,0.032652246
2019-11-25T00:00:00Z,0.073337466
2019-11-26T00:00:00Z,0.054863635
2019-11-27T00:00:00Z,0.044197947
2019-11-28T00:00:00Z,0.044244237
2019-11-29T00:00:00Z,0.038178118
2019-11-30T00:00:00Z,0.032894616
2019-12-01T00:00:00Z,0.040359292
2019-12-02T00:00:00Z,0.040509988
2019-12-03T00:00:00Z,0.035464754
2019-12-04T00:00:00Z,0.039821841
2019-12-05T00:00:00Z,0.03420834
2019-12-06T00:00:00Z,0.030653183
2019-12-07T00:00:00Z,0.025445173
2019-12-08T00:00:00Z,0.022173705
2019-12-09T00:00:00Z,0.031305298
2019-12-10T00:00:00Z,0.033816283
2019-12-11T00:00:00Z,0.035424094
2019-12-12T00:00:00Z,0.033974239
2019-12-13T00:00:00Z,0.033730269
2019-12-14T00:00:00Z,0.031114101
2019-12-15T00:00:00Z,0.031922771
2019-12-16T00:00:00Z,0.045271366
2019-12-17T00:00:00Z,0.05969711
2019-12-18T00:00:00Z,0.051917187
2019-12-19T00:00:00Z,0.039786588
2019-12-20T00:00:00Z,0.040646508
2019-12-21T00:00:00Z,0.031576216
2019-12-22T00:00:00Z,0.030195724
2019-12-23T00:00:00Z,0.039937078
2019-12-24T00:00:00Z,0.034353387
2019-12-25T00:00:00Z,0.033460414
2019-12-26T00:00:00Z,0.034088433
2019-12-27T00:00:00Z,0.032962859
2019-12-28T00:00:00Z,0.028287161
2019-12-29T00:00:00Z,0.027454365
2019-12-30T00:00:00Z,0.032747702
2019-12-31T00:00:00Z,0.034805935
2020-01-01T00:00:00Z,0.028304048
2020-01-02T00:00:00Z,0.023869213
2020-01-03T00:00:00Z,0.024422872
2020-01-04T00:00:00Z,0.019698785
2020-01-05T00:00:00Z,0.019399294
2020-01-06T00:00:00Z,0.025783762
2020-01-07T00:00:00Z,0.025158614
2020-01-08T00:00:00Z,0.030209649
2020-01-09T00:00:00Z,0.024768411
2020-01-10T00:00:00Z,0.029203583
2020-01-11T00:00:00Z,0.022428725
2020-01-12T00:00:00Z,0.020704452
2020-01-13T00:00:00Z,0.024593735
2020-01-14T00:00:00Z,0.03569291
2020-01-15T00:00:00Z,0.0291098
2020-01-16T00:00:00Z,0.024552053
2020-01-17T00:00:00Z,0.026161645
2020-01-18T00:00:00Z,0.024743415
2020-01-19T00:00:00Z,0.023061598
2020-01-20T00:00:00Z,0.021365853
2020-01-21T00:00:00Z,0.019608909
2020-01-22T00:00:00Z,0.01837346
2020-01-23T00:00:00Z,0.018244048
2020-01-24T00:00:00Z,0.018185144
2020-01-25T00:00:00Z,0.013794516
2020-01-26T00:00:00Z,0.01405437
2020-01-27T00:00:00Z,0.016854389
2020-01-28T00:00:00Z,0.018844268
2020-01-29T00:00:00Z,0.019302394
2020-01-30T00:00:00Z,0.022378176
2020-01-31T00:00:00Z,0.021877123
2020-02-01T00:00:00Z,0.019870018
2020-02-02T00:00:00Z,0.019975903
2020-02-03T00:00:00Z,0.023023265
2020-02-04T00:00:00Z,0.025151654
2020-02-05T00:00:00Z,0.031285664
2020-02-06T00:00:00Z,0.034223678
2020-02-07T00:00:00Z,0.034408802
2020-02-08T00:00:00Z,0.028271956
2020-02-09T00:00:00Z,0.026435855
2020-02-10T00:00:00Z,0.027745341
2020-02-11T00:00:00Z,0.030194903
2020-02-12T00:00:00Z,0.041653763
2020-02-13T00:00:00Z,0.038257449
2020-02-14T00:00:00Z,0.03673723
2020-02-15T00:00:00Z,0.035314509
2020-02-16T00:00:00Z,0.04143227
2020-02-17T00:00:00Z,0.034171017
2020-02-18T00:00:00Z,0.031925487
2020-02-19T00:00:00Z,0.034239153
2020-02-20T00:00:00Z,0.036545589
2020-02-21T00:00:00Z,0.024634604
2020-02-22T00:00:00Z,0.021902378
2020-02-23T00:00:00Z,0.025833611
2020-02-24T00:00:00Z,0.029351318
2020-02-25T00:00:00Z,0.033991016
2020-02-26T00:00:00Z,0.058301212
2020-02-27T00:00:00Z,0.038583583
2020-02-28T00:00:00Z,0.033013037
2020-02-29T00:00:00Z,0.023426356
2020-03-01T00:00:00Z,0.024806593
2020-03-02T00:00:00Z,0.025304117
2020-03-03T00:00:00Z,0.026574
2020-03-04T00:00:00Z,0.026760407
2020-03-05T00:00:00Z,0.031349561
2020-03-06T00:00:00Z,0.028382794
2020-03-07T00:00:00Z,0.026295187
2020-03-08T00:00:00Z,0.047289218
2020-03-09T00:00:00Z,0.052432693
2020-03-10T00:00:00Z,0.033305743
2020-03-11T00:00:00Z,0.04115364
2020-03-12T00:00:00Z,0.272776454
2020-03-13T00:00:00Z,0.267637969
2020-03-14T00:00:00Z,0.041275921
2020-03-15T00:00:00Z,0.03688659
2020-03-16T00:00:00Z,0.096821352
2020-03-17T00:00:00Z,0.052670475
2020-03-18T00:00:00Z,0.042855851
2020-03-19T00:00:00Z,0.060950672
2020-03-20T00:00:00Z,0.050503726
2020-03-21T00:00:00Z,0.036170408
2020-03-22T00:00:00Z,0.035715556
2020-03-23T00:00:00Z,0.040941406
2020-03-24T00:00:00Z,0.039674523
2020-03-25T00:00:00Z,0.038572381
2020-03-26T00:00:00Z,0.03720812
2020-03-27T00:00:00Z,0.034541198
2020-03-28T00:00:00Z,0.028782464
2020-03-29T00:00:00Z,0.024935197
2020-03-30T00:00:00Z,0.032357938
2020-03-31T00:00:00Z,0.035537315
2020-04-01T00:00:00Z,0.03222865
2020-04-02T00:00:00Z,0.036926101
2020-04-03T00:00:00Z,0.03442419
2020-04-04T00:00:00Z,0.026116719
2020-04-05T00:00:00Z,0.025275373
2020-04-06T00:00:00Z,0.045294648
2020-04-07T00:00:00Z,0.040526709
2020-04-08T00:00:00Z,0.036172391
2020-04-09T00:00:00Z,0.034742574
2020-04-10T00:00:00Z,0.036584203
2020-04-11T00:00:00Z,0.028740099
2020-04-12T00:00:00Z,0.026069908
2020-04-13T00:00:00Z,0.034949777
2020-04-14T00:00:00Z,0.037180291
2020-04-15T00:00:00Z,0.034815388
2020-04-16T00:00:00Z,0.048420725
2020-04-17T00:00:00Z,0.037502241
2020-04-18T00:00:00Z,0.0413323
2020-04-19T00:00:00Z,0.036222502
2020-04-20T00:00:00Z,0.046179134
2020-04-21T00:00:00Z,0.048839574
2020-04-22T00:00:00Z,0.045735358
2020-04-23T00:00:00Z,0.04835215
2020-04-24T00:00:00Z,0.046405347
2020-04-25T00:00:00Z,0.040139089
2020-04-26T00:00:00Z,0.044631203
2020-04-27T00:00:00Z,0.045632068
2020-04-28T00:00:00Z,0.042173886
2020-04-29T00:00:00Z,0.066436802
2020-04-30T00:00:00Z,0.08555776
2020-05-01T00:00:00Z,0.047127301
2020-05-02T00:00:00Z,0.036668847
2020-05-03T00:00:00Z,0.042488001
2020-05-04T00:00:00Z,0.051310422
2020-05-05T00:00:00Z,0.054117711
2020-05-06T00:00:00Z,0.065500677
2020-05-07T00:00:00Z,0.078720818
2020-05-08T00:00:00Z,0.076785454
2020-05-09T00:00:00Z,0.065108989
2020-05-10T00:00:00Z,0.110451684
2020-05-11T00:00:00Z,0.087262746
2020-05-12T00:00:00Z,0.097251805
2020-05-13T00:00:00Z,0.119452626
2020-05-14T00:00:00Z,0.14106491
2020-05-15T00:00:00Z,0.111422504
2020-05-16T00:00:00Z,0.092598024
2020-05-17T00:00:00Z,0.097876526
2020-05-18T00:00:00Z,0.128796818
2020-05-19T00:00:00Z,0.116667554
2020-05-20T00:00:00Z,0.131607981
2020-05-21T00:00:00Z,0.170835618
2020-05-22T00:00:00Z,0.125449959
2020-05-23T00:00:00Z,0.081774821
2020-05-24T00:00:00Z,0.106440766
2020-05-25T00:00:00Z,0.134070359
2020-05-26T00:00:00Z,0.135380566
2020-05-27T00:00:00Z,0.145933676
2020-05-28T00:00:00Z,0.143020056
2020-05-29T00:00:00Z,0.126084526
2020-05-30T00:00:00Z,0.122125298
2020-05-31T00:00:00Z,0.103044838
2020-06-01T00:00:00Z,0.116905356
2020-06-02T00:00:00Z,0.132049794
2020-06-03T00:00:00Z,0.106998163
2020-06-04T00:00:00Z,0.113768839
2020-06-05T00:00:00Z,0.117013371
2020-06-06T00:00:00Z,0.131721628
2020-06-07T00:00:00Z,0.141147436
2020-06-08T00:00:00Z,0.143315098
2020-06-09T00:00:00Z,0.135683691
2020-06-10T00:00:00Z,0.491956474
2020-06-11T00:00:00Z,0.530588817
2020-06-12T00:00:00Z,0.130092621
2020-06-13T00:00:00Z,0.104445381
2020-06-14T00:00:00Z,0.08929451
2020-06-15T00:00:00Z,0.156700033
2020-06-16T00:00:00Z,0.145603962
2020-06-17T00:00:00Z,0.152216956
2020-06-18T00:00:00Z,0.140532156
2020-06-19T00:00:00Z,0.152895621
2020-06-20T00:00:00Z,0.125222322
2020-06-21T00:00:00Z,0.127081338
2020-06-22T00:00:00Z,0.173206216
2020-06-23T00:00:00Z,0.189740077
2020-06-24T00:00:00Z,0.194852481
2020-06-25T00:00:00Z,0.177875444
2020-06-26T00:00:00Z,0.164995851
2020-06-27T00:00:00Z,0.157686295
2020-06-28T00:00:00Z,0.149893386
2020-06-29T00:00:00Z,0.166049988
2020-06-30T00:00:00Z,0.208222597
2020-07-01T00:00:00Z,0.191983267
2020-07-02T00:00:00Z,0.176387235
2020-07-03T00:00:00Z,0.181135279
2020-07-04T00:00:00Z,0.142475045
2020-07-05T00:00:00Z,0.133876928
2020-07-06T00:00:00Z,0.166595797
2020-07-07T00:00:00Z,0.168082076
2020-07-08T00:00:00Z,0.208118329
2020-07-09T00:00:00Z,0.193270864
2020-07-10T00:00:00Z,0.159369613
2020-07-11T00:00:00Z,0.140523826
2020-07-12T00:00:00Z,0.133713591
2020-07-13T00:00:00Z,0.208475672
2020-07-14T00:00:00Z,0.180861883
2020-07-15T00:00:00Z,0.208189437
2020-07-16T00:00:00Z,0.22248459
2020-07-17T00:00:00Z,0.226741022
2020-07-18T00:00:00Z,0.209551178
2020-07-19T00:00:00Z,0.225392471
2020-07-20T00:00:00Z,0.271878035
2020-07-21T00:00:00Z,0.282169545
2020-07-22T00:00:00Z,0.276549349
2020-07-23T00:00:00Z,0.303098166
2020-07-24T00:00:00Z,0.291241247
2020-07-25T00:00:00Z,0.314399002
2020-07-26T00:00:00Z,0.285987863
2020-07-27T00:00:00Z,0.352834158
2020-07-28T00:00:00Z,0.282883776
2020-07-29T00:00:00Z,0.291725677
2020-07-30T00:00:00Z,0.28072484
2020-07-31T00:00:00Z,0.302545398
2020-08-01T00:00:00Z,0.258875185
2020-08-02T00:00:00Z,0.30057255
2020-08-03T00:00:00Z,0.277103051
2020-08-04T00:00:00Z,0.243692521
2020-08-05T00:00:00Z,0.230797212
2020-08-06T00:00:00Z,0.245314043
2020-08-07T00:00:00Z,0.29440715
2020-08-08T00:00:00Z,0.275316668
2020-08-09T00:00:00Z,0.307927408
2020-08-10T00:00:00Z,0.406876111
2020-08-11T00:00:00Z,0.42284172
2020-08-12T00:00:00Z,0.564300389
2020-08-13T00:00:00Z,0.598516772
2020-08-14T00:00:00Z,0.545841846
2020-08-15T00:00:00Z,0.401280869
2020-08-16T00:00:00Z,0.3668033
2020-08-17T00:00:00Z,0.391132829
2020-08-18T00:00:00Z,0.428033586
2020-08-19T00:00:00Z,0.440591792
2020-08-20T00:00:00Z,0.400531292
2020-08-21T00:00:00Z,0.479851444
2020-08-22T00:00:00Z,0.371788286
2020-08-23T00:00:00Z,0.322633396
2020-08-24T00:00:00Z,0.362886939
2020-08-25T00:00:00Z,0.383685995
2020-08-26T00:00:00Z,0.343091394
2020-08-27T00:00:00Z,0.351715077
2020-08-28T00:00:00Z,0.34558522
2020-08-29T00:00:00Z,0.365434108
2020-08-30T00:00:00Z,0.548705992
2020-08-31T00:00:00Z,0.578137818
2020-09-01T00:00:00Z,0.72294856
2020-09-02T00:00:00Z,0.736640344
2020-09-03T00:00:00Z,0.69635014
2020-09-04T00:00:00Z,0.565190307
2020-09-05T00:00:00Z,0.616131875
2020-09-06T00:00:00Z,0.420911417
2020-09-07T00:00:00Z,0.390742192
2020-09-08T00:00:00Z,0.36994903
2020-09-09T00:00:00Z,0.40553513
2020-09-10T00:00:00Z,0.505054735
2020-09-11T00:00:00Z,0.457652319
2020-09-12T00:00:00Z,0.377204561
2020-09-13T00:00:00Z,0.405914387
2020-09-14T00:00:00Z,0.534931426
2020-09-15T00:00:00Z,0.520060358
2020-09-16T00:00:00Z,0.464041625
2020-09-17T00:00:00Z,0.756303628
2020-09-18T00:00:00Z,0.647722921
2020-09-19T00:00:00Z,0.498491781
2020-09-20T00:00:00Z,0.425435195
2020-09-21T00:00:00Z,0.497072602
2020-09-22T00:00:00Z,0.474621394
2020-09-23T00:00:00Z,0.424349692
2020-09-24T00:00:00Z,0.384179312
2020-09-25T00:00:00Z,0.363183161
2020-09-26T00:00:00Z,0.318795961
2020-09-27T00:00:00Z,0.32485698
2020-09-28T00:00:00Z,0.404825576
2020-09-29T00:00:00Z,0.459413404
2020-09-30T00:00:00Z,0.399231779
2020-10-01T00:00:00Z,0.358715314
2020-10-02T00:00:00Z,0.339369878
2020-10-03T00:00:00Z,0.294605563
2020-10-04T00:00:00Z,0.307797855
2020-10-05T00:00:00Z,0.325070175
2020-10-06T00:00:00Z,0.382505226
2020-10-07T00:00:00Z,0.317139816
2020-10-08T00:00:00Z,0.311719981
2020-10-09T00:00:00Z,0.301292962
2020-10-10T00:00:00Z,0.249470084
2020-10-11T00:00:00Z,0.207787919
2020-10-12T00:00:00Z,0.289945292
2020-10-13T00:00:00Z,0.293299648
2020-10-14T00:00:00Z,0.30358046
2020-10-15T00:00:00Z,0.299190382
2020-10-16T00:00:00Z,0.260128228
2020-10-17T00:00:00Z,0.160064376
2020-10-18T00:00:00Z,0.1701995
2020-10-19T00:00:00Z,0.232775382
2020-10-20T00:00:00Z,0.250636446
2020-10-21T00:00:00Z,0.297941352
2020-10-22T00:00:00Z,0.26263702
2020-10-23T00:00:00Z,0.246482745
2020-10-24T00:00:00Z,0.14175954
2020-10-25T00:00:00Z,0.148537829
2020-10-26T00:00:00Z,0.246998071
2020-10-27T00:00:00Z,0.187768565
2020-10-28T00:00:00Z,0.262199646
2020-10-29T00:00:00Z,0.272329755
2020-10-30T00:00:00Z,0.255346074
2020-10-31T00:00:00Z,0.180859766
2020-11-01T00:00:00Z,0.150949032
2020-11-02T00:00:00Z,0.246482072
2020-11-03T00:00:00Z,0.19839749
2020-11-04T00:00:00Z,0.170113682
2020-11-05T00:00:00Z,0.217194472
2020-11-06T00:00:00Z,0.249232133
2020-11-07T00:00:00Z,0.240211331
2020-11-08T00:00:00Z,0.135774662
2020-11-09T00:00:00Z,0.190649479
2020-11-10T00:00:00Z,0.219261127
2020-11-11T00:00:00Z,0.216815308
2020-11-12T00:00:00Z,0.235879386
2020-11-13T00:00:00Z,0.232314582
2020-11-14T00:00:00Z,0.170345837
2020-11-15T00:00:00Z,0.156397612
2020-11-16T00:00:00Z,0.208086497
2020-11-17T00:00:00Z,0.302453166
2020-11-18T00:00:00Z,0.322114609
2020-11-19T00:00:00Z,0.220374675
2020-11-20T00:00:00Z,0.274916184
2020-11-21T00:00:00Z,0.270674381
2020-11-22T00:00:00Z,0.263898258
2020-11-23T00:00:00Z,0.301894088
2020-11-24T00:00:00Z,0.343716111
2020-11-25T00:00:00Z,0.253190511
2020-11-26T00:00:00Z,0.452389156
2020-11-27T00:00:00Z,0.189659276
2020-11-28T00:00:00Z,0.14061653
2020-11-29T00:00:00Z,0.126520334
2020-11-30T00:00:00Z,0.30568344
2020-12-01T00:00:00Z,0.325297786
2020-12-02T00:00:00Z,0.190694444
2020-12-03T00:00:00Z,0.203944941
2020-12-04T00:00:00Z,0.226566411
2020-12-05T00:00:00Z,0.164571444
2020-12-06T00:00:00Z,0.162726214
2020-12-07T00:00:00Z,0.210160624
2020-12-08T00:00:00Z,0.264415441
2020-12-09T00:00:00Z,0.268284658
2020-12-10T00:00:00Z,0.241977122
2020-12-11T00:00:00Z,0.263363857
2020-12-12T00:00:00Z,0.186847081
2020-12-13T00:00:00Z,0.198371865
2020-12-14T00:00:00Z,0.259012895
2020-12-15T00:00:00Z,0.326172295
2020-12-16T00:00:00Z,0.320571811
2020-12-17T00:00:00Z,0.447898237
2020-12-18T00:00:00Z,0.291800132
2020-12-19T00:00:00Z,0.265848756
2020-12-20T00:00:00Z,0.200563678
2020-12-21T00:00:00Z,0.313689384
2020-12-22T00:00:00Z,0.2790407
2020-12-23T00:00:00Z,0.395543281
2020-12-24T00:00:00Z,0.332867499
2020-12-25T00:00:00Z,0.346250043
2020-12-26T00:00:00Z,0.27486594
2020-12-27T00:00:00Z,0.358896598
2020-12-28T00:00:00Z,0.39381519
2020-12-29T00:00:00Z,0.358173535
2020-12-30T00:00:00Z,0.398535815
2020-12-31T00:00:00Z,0.365299821
2021-01-01T00:00:00Z,0.27713037
2021-01-02T00:00:00Z,0.36954631
2021-01-03T00:00:00Z,0.491163637
2021-01-04T00:00:00Z,0.598544687
2021-01-05T00:00:00Z,0.446211507
2021-01-06T00:00:00Z,0.419387288
2021-01-07T00:00:00Z,0.443279094
2021-01-08T00:00:00Z,0.450660504
2021-01-09T00:00:00Z,0.348944119
2021-01-10T00:00:00Z,0.340179625
2021-01-11T00:00:00Z,0.592678381
2021-01-12T00:00:00Z,0.332567375
2021-01-13T00:00:00Z,0.282779236
2021-01-14T00:00:00Z,0.327318161
2021-01-15T00:00:00Z,0.352339051
2021-01-16T00:00:00Z,0.318045429
2021-01-17T00:00:00Z,0.265291775
2021-01-18T00:00:00Z,0.299769209
2021-01-19T00:00:00Z,0.369771216
2021-01-20T00:00:00Z,0.328497727
2021-01-21T00:00:00Z,0.419752432
2021-01-22T00:00:00Z,0.434820217
2021-01-23T00:00:00Z,0.318504765
2021-01-24T00:00:00Z,0.321433444
2021-01-25T00:00:00Z,0.388775711
2021-01-26T00:00:00Z,0.330121989
2021-01-27T00:00:00Z,0.366102197
2021-01-28T00:00:00Z,0.35112671
2021-01-29T00:00:00Z,0.448308017
2021-01-30T00:00:00Z,0.393734497
2021-01-31T00:00:00Z,0.427493473
2021-02-01T00:00:00Z,0.472975137
2021-02-02T00:00:00Z,0.50432858
2021-02-03T00:00:00Z,0.503058232
2021-02-04T00:00:00Z,0.58000967
2021-02-05T00:00:00Z,0.595109361
2021-02-06T00:00:00Z,0.509879621
2021-02-07T00:00:00Z,0.479689356
2021-02-08T00:00:00Z,0.550931035
2021-02-09T00:00:00Z,0.576077058
2021-02-10T00:00:00Z,0.555063634
2021-02-11T00:00:00Z,0.501304575
2021-02-12T00:00:00Z,0.508302196
2021-02-13T00:00:00Z,0.520518776
2021-02-14T00:00:00Z,0.461470486
2021-02-15T00:00:00Z,0.513799958
2021-02-16T00:00:00Z,0.49989342
2021-02-17T00:00:00Z,0.504353772
2021-02-18T00:00:00Z,0.517265192
2021-02-19T00:00:00Z,0.521923678
2021-02-20T00:00:00Z,0.541136039
2021-02-21T00:00:00Z,0.45623162
2021-02-22T00:00:00Z,0.623630579
2021-02-23T00:00:00Z,0.700442092
2021-02-24T00:00:00Z,0.547628982
2021-02-25T00:00:00Z,0.492302605
2021-02-26T00:00:00Z,0.483365771
2021-02-27T00:00:00Z,0.412325797
2021-02-28T00:00:00Z,0.415930762
2021-03-01T00:00:00Z,0.407775165
2021-03-02T00:00:00Z,0.421159672
2021-03-03T00:00:00Z,0.432541809
2021-03-04T00:00:00Z,0.396291438
2021-03-05T00:00:00Z,0.447880976
2021-03-06T00:00:00Z,0.365107985
2021-03-07T00:00:00Z,0.437033134
2021-03-08T00:00:00Z,0.445070678
2021-03-09T00:00:00Z,0.449916074
2021-03-10T00:00:00Z,0.441102317
2021-03-11T00:00:00Z,0.442859754
2021-03-12T00:00:00Z,0.501528372
2021-03-13T00:00:00Z,0.489204799
2021-03-14T00:00:00Z,0.466178008
2021-03-15T00:00:00Z,0.527712263
2021-03-16T00:00:00Z,0.523866551
2021-03-17T00:00:00Z,0.533790929
2021-03-18T00:00:00Z,0.514742659
2021-03-19T00:00:00Z,0.482388439
2021-03-20T00:00:00Z,0.453050717
2021-03-21T00:00:00Z,0.44732635
2021-03-22T00:00:00Z,0.525937849
2021-03-23T00:00:00Z,0.490773091
2021-03-24T00:00:00Z,0.509211729
2021-03-25T00:00:00Z,0.517864391
2021-03-26T00:00:00Z,0.461590776
2021-03-27T00:00:00Z,0.410435969
2021-03-28T00:00:00Z,0.420626447
2021-03-29T00:00:00Z,0.467028005
2021-03-30T00:00:00Z,0.494518113
2021-03-31T00:00:00Z,0.556015651
2021-04-01T00:00:00Z,0.534657753
2021-04-02T00:00:00Z,0.521339506
2021-04-03T00:00:00Z,0.464213663
2021-04-04T00:00:00Z,0.393808513
2021-04-05T00:00:00Z,0.464241161
2021-04-06T00:00:00Z,0.475205344
2021-04-07T00:00:00Z,0.474422033
2021-04-08T00:00:00Z,0.416174432
2021-04-09T00:00:00Z,0.410887951
2021-04-10T00:00:00Z,0.369614929
2021-04-11T00:00:00Z,0.329999337
2021-04-12T00:00:00Z,0.3889495
2021-04-13T00:00:00Z,0.410956552
2021-04-14T00:00:00Z,0.446840828
2021-04-15T00:00:00Z,0.369099432
2021-04-16T00:00:00Z,0.516988019
2021-04-17T00:00:00Z,0.465066064
2021-04-18T00:00:00Z,0.50820472
2021-04-19T00:00:00Z,0.536368408
2021-04-20T00:00:00Z,0.612200495
2021-04-21T00:00:00Z,0.523077182
2021-04-22T00:00:00Z,0.49576945
2021-04-23T00:00:00Z,0.460592961
2021-04-24T00:00:00Z,0.319217162
2021-04-25T00:00:00Z,0.276304313
2021-04-26T00:00:00Z,0.296839434
2021-04-27T00:00:00Z,0.309419348
2021-04-28T00:00:00Z,0.34818327
2021-04-29T00:00:00Z,0.330533428
2021-04-30T00:00:00Z,0.279914271
2021-05-01T00:00:00Z,0.26599501
2021-05-02T00:00:00Z,0.223401447
2021-05-03T00:00:00Z,0.312713596
2021-05-04T00:00:00Z,0.321382904
2021-05-05T00:00:00Z,0.291337365
2021-05-06T00:00:00Z,0.313323299
2021-05-07T00:00:00Z,0.320822447
2021-05-08T00:00:00Z,0.493384199
2021-05-09T00:00:00Z,0.474459943
2021-05-10T00:00:00Z,0.62348778
2021-05-11T00:00:00Z,0.676954752
2021-05-12T00:00:00Z,0.667226024
2021-05-13T00:00:00Z,0.546820116
2021-05-14T00:00:00Z,0.4751464
2021-05-15T00:00:00Z,0.397304779
2021-05-16T00:00:00Z,0.364755757
2021-05-17T00:00:00Z,0.399733062
2021-05-18T00:00:00Z,0.379314212
2021-05-19T00:00:00Z,0.695980897
2021-05-20T00:00:00Z,0.476825729
2021-05-21T00:00:00Z,0.450571679
2021-05-22T00:00:00Z,0.281888004
2021-05-23T00:00:00Z,0.503321443
2021-05-24T00:00:00Z,0.319976735
2021-05-25T00:00:00Z,0.264081643
2021-05-26T00:00:00Z,0.255379064
2021-05-27T00:00:00Z,0.213533824
2021-05-28T00:00:00Z,0.218249289
2021-05-29T00:00:00Z,0.186232336
2021-05-30T00:00:00Z,0.164481851
2021-05-31T00:00:00Z,0.186933951
2021-06-01T00:00:00Z,0.173960063
2021-06-02T00:00:00Z,0.179376178
2021-06-03T00:00:00Z,0.186067316
2021-06-04T00:00:00Z,0.160705057
2021-06-05T00:00:00Z,0.12091018
2021-06-06T00:00:00Z,0.10300824
2021-06-07T00:00:00Z,0.135578402
2021-06-08T00:00:00Z,0.174686292
2021-06-09T00:00:00Z,0.150336738
2021-06-10T00:00:00Z,0.130111203
2021-06-11T00:00:00Z,0.145023996
2021-06-12T00:00:00Z,0.124903228
2021-06-13T00:00:00Z,0.098399198
2021-06-14T00:00:00Z,0.125060283
2021-06-15T00:00:00Z,0.130389241
2021-06-16T00:00:00Z,0.12694058
2021-06-17T00:00:00Z,0.135057412
2021-06-18T00:00:00Z,0.135541251
2021-06-19T00:00:00Z,0.09948613
2021-06-20T00:00:00Z,0.11280969
2021-06-21T00:00:00Z,0.238302257
2021-06-22T00:00:00Z,0.328521522
2021-06-23T00:00:00Z,0.138316661
2021-06-24T00:00:00Z,0.125255326
2021-06-25T00:00:00Z,0.15738071
2021-06-26T00:00:00Z,0.099941475
2021-06-27T00:00:00Z,0.156182906
2021-06-28T00:00:00Z,0.142675554
2021-06-29T00:00:00Z,0.14387149
2021-06-30T00:00:00Z,0.185122016
2021-07-01T00:00:00Z,0.139570115
2021-07-02T00:00:00Z,0.111422598
2021-07-03T00:00:00Z,0.102393878
2021-07-04T00:00:00Z,0.086818796
2021-07-05T00:00:00Z,0.115729375
2021-07-06T00:00:00Z,0.263620694
2021-07-07T00:00:00Z,0.215663835
2021-07-08T00:00:00Z,0.204473294
2021-07-09T00:00:00Z,0.164833958
2021-07-10T00:00:00Z,0.107855344
2021-07-11T00:00:00Z,0.08585441
2021-07-12T00:00:00Z,0.168162268
2021-07-13T00:00:00Z,0.181826937
2021-07-14T00:00:00Z,0.245443499
2021-07-15T00:00:00Z,0.237580081
2021-07-16T00:00:00Z,0.228561662
2021-07-17T00:00:00Z,0.167882913
2021-07-18T00:00:00Z,0.161445478
2021-07-19T00:00:00Z,0.171051503
2021-07-20T00:00:00Z,0.19154829
2021-07-21T00:00:00Z,0.156308174
2021-07-22T00:00:00Z,0.191253204
2021-07-23T00:00:00Z,0.218576082
2021-07-24T00:00:00Z,0.14154556
2021-07-25T00:00:00Z,0.130039062
2021-07-26T00:00:00Z,0.226960704
2021-07-27T00:00:00Z,0.270056733
2021-07-28T00:00:00Z,0.282453748
2021-07-29T00:00:00Z,0.185685147
2021-07-30T00:00:00Z,0.212524708
2021-07-31T00:00:00Z,0.269670951
2021-08-01T00:00:00Z,0.219625449
2021-08-02T00:00:00Z,0.235850393
2021-08-03T00:00:00Z,0.27164398
2021-08-04T00:00:00Z,0.241039052
2021-08-05T00:00:00Z,0.320931577
2021-08-06T00:00:00Z,0.283394095
2021-08-07T00:00:00Z,0.283924727
2021-08-08T00:00:00Z,0.288331982
2021-08-09T00:00:00Z,0.322379442
2021-08-10T00:00:00Z,0.360739796
2021-08-11T00:00:00Z,0.337340382
2021-08-12T00:00:00Z,0.324675136
2021-08-13T00:00:00Z,0.337394226
2021-08-14T00:00:00Z,0.309708265
2021-08-15T00:00:00Z,0.364291831
2021-08-16T00:00:00Z,0.310055463
2021-08-17T00:00:00Z,0.29727991
2021-08-18T00:00:00Z,0.283412851
2021-08-19T00:00:00Z,0.311323804
2021-08-20T00:00:00Z,0.259250014
2021-08-21T00:00:00Z,0.230461302
2021-08-22T00:00:00Z,0.22772042
2021-08-23T00:00:00Z,0.331702235
2021-08-24T00:00:00Z,0.393332288
2021-08-25T00:00:00Z,0.428412106
2021-08-26T00:00:00Z,0.424274506
2021-08-27T00:00:00Z,0.501257293
2021-08-28T00:00:00Z,0.427249362
2021-08-29T00:00:00Z,0.449372496
2021-08-30T00:00:00Z,0.47854254
2021-08-31T00:00:00Z,0.501009826
2021-09-01T00:00:00Z,0.528680766
2021-09-02T00:00:00Z,0.460867983
2021-09-03T00:00:00Z,0.542395407
2021-09-04T00:00:00Z,0.481845794
2021-09-05T00:00:00Z,0.460376117
2021-09-06T00:00:00Z,0.475236665
2021-09-07T00:00:00Z,0.61110595
2021-09-08T00:00:00Z,0.549902423
2021-09-09T00:00:00Z,0.554891039
2021-09-10T00:00:00Z,0.447432037
2021-09-11T00:00:00Z,0.336696059
2021-09-12T00:00:00Z,0.327463932
2021-09-13T00:00:00Z,0.396908095
2021-09-14T00:00:00Z,0.392238556
2021-09-15T00:00:00Z,0.352359578
2021-09-16T00:00:00Z,0.409076208
2021-09-17T00:00:00Z,0.369459537
2021-09-18T00:00:00Z,0.296566857
2021-09-19T00:00:00Z,0.347281465
2021-09-20T00:00:00Z,0.409335461
2021-09-21T00:00:00Z,0.441476213
2021-09-22T00:00:00Z,0.350031147
2021-09-23T00:00:00Z,0.415438616
2021-09-24T00:00:00Z,0.362293584
2021-09-25T00:00:00Z,0.267840284
2021-09-26T00:00:00Z,0.359192487
2021-09-27T00:00:00Z,0.559218018
2021-09-28T00:00:00Z,0.414402617
2021-09-29T00:00:00Z,0.387792474
2021-09-30T00:00:00Z,0.469564183
2021-10-01T00:00:00Z,0.400994207
2021-10-02T00:00:00Z,0.334135536
2021-10-03T00:00:00Z,0.321518076
2021-10-04T00:00:00Z,0.439058382
2021-10-05T00:00:00Z,0.506034879
2021-10-06T00:00:00Z,0.526991895
2021-10-07T00:00:00Z,0.5267526
2021-10-08T00:00:00Z,0.492841432
2021-10-09T00:00:00Z,0.376775058
2021-10-10T00:00:00Z,0.392635463
2021-10-11T00:00:00Z,0.455339401
2021-10-12T00:00:00Z,0.409943821
2021-10-13T00:00:00Z,0.433942072
2021-10-14T00:00:00Z,0.504367466
2021-10-15T00:00:00Z,0.539864473
2021-10-16T00:00:00Z,0.392844161
2021-10-17T00:00:00Z,0.364349269
2021-10-18T00:00:00Z,0.498477976
2021-10-19T00:00:00Z,0.36511262
2021-10-20T00:00:00Z,0.381042391
2021-10-21T00:00:00Z,0.426348664
2021-10-22T00:00:00Z,0.40126197
2021-10-23T00:00:00Z,0.337532623
2021-10-24T00:00:00Z,0.363899876
2021-10-25T00:00:00Z,0.431152578
2021-10-26T00:00:00Z,0.488133021
2021-10-27T00:00:00Z,0.562742136
2021-10-28T00:00:00Z,0.588011728
2021-10-29T00:00:00Z,0.569086152
2021-10-30T00:00:00Z,0.550007672
2021-10-31T00:00:00Z,0.52949579
2021-11-01T00:00:00Z,0.543195751
2021-11-02T00:00:00Z,0.569428099
2021-11-03T00:00:00Z,0.550300733
2021-11-04T00:00:00Z,0.52333322
2021-11-05T00:00:00Z,0.503999608
2021-11-06T00:00:00Z,0.468301624
2021-11-07T00:00:00Z,0.427862189
2021-11-08T00:00:00Z,0.491790224
2021-11-09T00:00:00Z,0.567863962
2021-11-10T00:00:00Z,0.559161182
2021-11-11T00:00:00Z,0.548116845
2021-11-12T00:00:00Z,0.529366705
2021-11-13T00:00:00Z,0.499844443
2021-11-14T00:00:00Z,0.462512552
2021-11-15T00:00:00Z,0.538212684
2021-11-16T00:00:00Z,0.526909973
2021-11-17T00:00:00Z,0.501655453
2021-11-18T00:00:00Z,0.521214161
2021-11-19T00:00:00Z,0.481332801
2021-11-20T00:00:00Z,0.441931474
2021-11-21T00:00:00Z,0.446438259
2021-11-22T00:00:00Z,0.527934632
2021-11-23T00:00:00Z,0.507988132
2021-11-24T00:00:00Z,0.497569343
2021-11-25T00:00:00Z,0.483435306
2021-11-26T00:00:00Z,0.464763393
2021-11-27T00:00:00Z,0.475011604
2021-11-28T00:00:00Z,0.46460975
2021-11-29T00:00:00Z,0.481513678
2021-11-30T00:00:00Z,0.529545437
2021-12-01T00:00:00Z,0.510976831
2021-12-02T00:00:00Z,0.471447329
2021-12-03T00:00:00Z,0.451279638
2021-12-04T00:00:00Z,0.525584374
2021-12-05T00:00:00Z,0.436843566
2021-12-06T00:00:00Z,0.449906717
2021-12-07T00:00:00Z,0.418761845
2021-12-08T00:00:00Z,0.381702949
2021-12-09T00:00:00Z,0.39150633
2021-12-10T00:00:00Z,0.413156035
2021-12-11T00:00:00Z,0.362331833
2021-12-12T00:00:00Z,0.324468217
2021-12-13T00:00:00Z,0.395608057
2021-12-14T00:00:00Z,0.372173358
2021-12-15T00:00:00Z,0.402735197
2021-12-16T00:00:00Z,0.437841531
2021-12-17T00:00:00Z,0.426398884
2021-12-18T00:00:00Z,0.330992815
2021-12-19T00:00:00Z,0.322816177
2021-12-20T00:00:00Z,0.345460986
2021-12-21T00:00:00Z,0.339830601
2021-12-22T00:00:00Z,0.370210057
2021-12-23T00:00:00Z,0.388582952
2021-12-24T00:00:00Z,0.35342791
2021-12-25T00:00:00Z,0.348548378
2021-12-26T00:00:00Z,0.295992303
2021-12-27T00:00:00Z,0.371007499
2021-12-28T00:00:00Z,0.435028068
2021-12-29T00:00:00Z,0.481691373
2021-12-30T00:00:00Z,0.448143073
2021-12-31T00:00:00Z,0.409702121
2022-01-01T00:00:00Z,0.373849505
2022-01-02T00:00:00Z,0.428992197
2022-01-03T00:00:00Z,0.436035608
2022-01-04T00:00:00Z,0.492478506
2022-01-05T00:00:00Z,0.520368726
2022-01-06T00:00:00Z,0.498951185
2022-01-07T00:00:00Z,0.527454716
2022-01-08T00:00:00Z,0.464018308
2022-01-09T00:00:00Z,0.528546765
2022-01-10T00:00:00Z,0.60759161
2022-01-11T00:00:00Z,0.57337148
2022-01-12T00:00:00Z,0.589387135
2022-01-13T00:00:00Z,0.548237403
2022-01-14T00:00:00Z,0.580620548
2022-01-15T00:00:00Z,0.496485223
2022-01-16T00:00:00Z,0.490076403
2022-01-17T00:00:00Z,0.515844012
2022-01-18T00:00:00Z,0.47308719
2022-01-19T00:00:00Z,0.482156195
2022-01-20T00:00:00Z,0.522552911
2022-01-21T00:00:00Z,0.574758466
2022-01-22T00:00:00Z,0.541570389
2022-01-23T00:00:00Z,0.475275566
2022-01-24T00:00:00Z,0.507482817
2022-01-25T00:00:00Z,0.506011192
2022-01-26T00:00:00Z,0.507409751
2022-01-27T00:00:00Z,0.529342342
2022-01-28T00:00:00Z,0.504186631
2022-01-29T00:00:00Z,0.460820027
2022-01-30T00:00:00Z,0.483859328
2022-01-31T00:00:00Z,0.468234454
2022-02-01T00:00:00Z,0.529733077
2022-02-02T00:00:00Z,0.525417171
2022-02-03T00:00:00Z,0.471906694
2022-02-04T00:00:00Z,0.438251074
2022-02-05T00:00:00Z,0.503349632
2022-02-06T00:00:00Z,0.355016907
2022-02-07T00:00:00Z,0.458080231
2022-02-08T00:00:00Z,0.399320387
2022-02-09T00:00:00Z,0.409980122
2022-02-10T00:00:00Z,0.447622656
2022-02-11T00:00:00Z,0.356991043
2022-02-12T00:00:00Z,0.33017439
2022-02-13T00:00:00Z,0.298972861
2022-02-14T00:00:00Z,0.318509395
2022-02-15T00:00:00Z,0.361080417
2022-02-16T00:00:00Z,0.380452622
2022-02-17T00:00:00Z,0.363442079
2022-02-18T00:00:00Z,0.414792419
2022-02-19T00:00:00Z,0.344715149
2022-02-20T00:00:00Z,0.353537909
2022-02-21T00:00:00Z,0.402574386
2022-02-22T00:00:00Z,0.394929083
2022-02-23T00:00:00Z,0.422140686
2022-02-24T00:00:00Z,0.40612918
2022-02-25T00:00:00Z,0.323420144
2022-02-26T00:00:00Z,0.285974474
2022-02-27T00:00:00Z,0.252466924
2022-02-28T00:00:00Z,0.354948261
2022-03-01T00:00:00Z,0.309953936
2022-03-02T00:00:00Z,0.294955614
2022-03-03T00:00:00Z,0.276082697
2022-03-04T00:00:00Z,0.266662465
2022-03-05T00:00:00Z,0.218851983
2022-03-06T00:00:00Z,0.268551315
2022-03-07T00:00:00Z,0.245133863
2022-03-08T00:00:00Z,0.261873778
2022-03-09T00:00:00Z,0.225838587
2022-03-10T00:00:00Z,0.206161718
2022-03-11T00:00:00Z,0.198237733
2022-03-12T00:00:00Z,0.158608589
2022-03-13T00:00:00Z,0.209506016
2022-03-14T00:00:00Z,0.203910792
2022-03-15T00:00:00Z,0.224098713
2022-03-16T00:00:00Z,0.243097132
2022-03-17T00:00:00Z,0.347765547
2022-03-18T00:00:00Z,0.332615614
2022-03-19T00:00:00Z,0.192998992
2022-03-20T00:00:00Z,0.174554061
2022-03-21T00:00:00Z,0.208039162
2022-03-22T00:00:00Z,0.246761141
2022-03-23T00:00:00Z,0.227971701
2022-03-24T00:00:00Z,0.278074541
2022-03-25T00:00:00Z,0.262108569
2022-03-26T00:00:00Z,0.199597353
2022-03-27T00:00:00Z,0.314862925
2022-03-28T00:00:00Z,0.411103217
2022-03-29T00:00:00Z,0.269530625
2022-03-30T00:00:00Z,0.286944539
2022-03-31T00:00:00Z,0.28563943
2022-04-01T00:00:00Z,0.331854674
2022-04-02T00:00:00Z,0.321043982
2022-04-03T00:00:00Z,0.305727417
2022-04-04T00:00:00Z,0.329945123
2022-04-05T00:00:00Z,0.499542967
2022-04-06T00:00:00Z,0.310761012
2022-04-07T00:00:00Z,0.350793012
2022-04-08T00:00:00Z,0.299807748
2022-04-09T00:00:00Z,0.218162331
2022-04-10T00:00:00Z,0.246308735
2022-04-11T00:00:00Z,0.264388137
2022-04-12T00:00:00Z,0.266591231
2022-04-13T00:00:00Z,0.266920198
2022-04-14T00:00:00Z,0.276364052
2022-04-15T00:00:00Z,0.236173094
2022-04-16T00:00:00Z,0.219598427
2022-04-17T00:00:00Z,0.181949829
2022-04-18T00:00:00Z,0.224883954
2022-04-19T00:00:00Z,0.246335782
2022-04-20T00:00:00Z,0.356535974
2022-04-21T00:00:00Z,0.320920549
2022-04-22T00:00:00Z,0.300100635
2022-04-23T00:00:00Z,0.205117949
2022-04-24T00:00:00Z,0.207889388
2022-04-25T00:00:00Z,0.295158173
2022-04-26T00:00:00Z,0.267063754
2022-04-27T00:00:00Z,0.288556828
2022-04-28T00:00:00Z,0.289469261
2022-04-29T00:00:00Z,0.28432779
2022-04-30T00:00:00Z,0.268898267
2022-05-01T00:00:00Z,0.858851787
2022-05-02T00:00:00Z,0.341339932
2022-05-03T00:00:00Z,0.318451498
2022-05-04T00:00:00Z,0.277702819
2022-05-05T00:00:00Z,0.329528313
2022-05-06T00:00:00Z,0.291208473
2022-05-07T00:00:00Z,0.199468234
2022-05-08T00:00:00Z,0.174113633
2022-05-09T00:00:00Z,0.326265525
2022-05-10T00:00:00Z,0.316317805
2022-05-11T00:00:00Z,0.520156812
2022-05-12T00:00:00Z,0.618061507
2022-05-13T00:00:00Z,0.368994013
2022-05-14T00:00:00Z,0.231327305
2022-05-15T00:00:00Z,0.167084239
2022-05-16T00:00:00Z,0.171545572
2022-05-17T00:00:00Z,0.21606408
2022-05-18T00:00:00Z,0.181675626
2022-05-19T00:00:00Z,0.181330748
2022-05-20T00:00:00Z,0.191494978
2022-05-21T00:00:00Z,0.155680492
2022-05-22T00:00:00Z,0.157036137
2022-05-23T00:00:00Z,0.17496115
2022-05-24T00:00:00Z,0.191653899
2022-05-25T00:00:00Z,0.214912133
2022-05-26T00:00:00Z,0.271395538
2022-05-27T00:00:00Z,0.249635517
2022-05-28T00:00:00Z,0.147254473
2022-05-29T00:00:00Z,0.148233829
2022-05-30T00:00:00Z,0.213473293
2022-05-31T00:00:00Z,0.289253247
2022-06-01T00:00:00Z,0.300719459
2022-06-02T00:00:00Z,0.317700118
2022-06-03T00:00:00Z,0.317212463
2022-06-04T00:00:00Z,0.307171272
2022-06-05T00:00:00Z,0.296316935
2022-06-06T00:00:00Z,0.29185811
2022-06-07T00:00:00Z,0.308963707
2022-06-08T00:00:00Z,0.354991553
2022-06-09T00:00:00Z,0.35068274
2022-06-10T00:00:00Z,0.306157638
2022-06-11T00:00:00Z,0.231923925
2022-06-12T00:00:00Z,0.218401942
2022-06-13T00:00:00Z,0.418124436
2022-06-14T00:00:00Z,0.329630647
2022-06-15T00:00:00Z,0.349937727
2022-06-16T00:00:00Z,0.24779102
2022-06-17T00:00:00Z,0.243066228
2022-06-18T00:00:00Z,0.291853519
2022-06-19T00:00:00Z,0.199336186
2022-06-20T00:00:00Z,0.185260174
2022-06-21T00:00:00Z,0.239377013
2022-06-22T00:00:00Z,0.220867682
2022-06-23T00:00:00Z,0.282509334
2022-06-24T00:00:00Z,0.254249069
2022-06-25T00:00:00Z,0.219230804
2022-06-26T00:00:00Z,0.224725499
2022-06-27T00:00:00Z,0.279111347
2022-06-28T00:00:00Z,0.26882187
2022-06-29T00:00:00Z,0.308712392
2022-06-30T00:00:00Z,0.287749173
2022-07-01T00:00:00Z,0.208757804
2022-07-02T00:00:00Z,0.122244967
2022-07-03T00:00:00Z,0.133223043
2022-07-04T00:00:00Z,0.162672128
2022-07-05T00:00:00Z,0.19378148
2022-07-06T00:00:00Z,0.199977076
2022-07-07T00:00:00Z,0.229285724
2022-07-08T00:00:00Z,0.180648753
2022-07-09T00:00:00Z,0.17884047
2022-07-10T00:00:00Z,0.134171003
2022-07-11T00:00:00Z,0.192695502
2022-07-12T00:00:00Z,0.168696257
2022-07-13T00:00:00Z,0.198306909
2022-07-14T00:00:00Z,0.21799762
2022-07-15T00:00:00Z,0.203723667
2022-07-16T00:00:00Z,0.165435258
2022-07-17T00:00:00Z,0.156479879
2022-07-18T00:00:00Z,0.20391632
2022-07-19T00:00:00Z,0.204925943
2022-07-20T00:00:00Z,0.197971483
2022-07-21T00:00:00Z,0.152212964
2022-07-22T00:00:00Z,0.123091661
2022-07-23T00:00:00Z,0.104453718
2022-07-24T00:00:00Z,0.088456815
2022-07-25T00:00:00Z,0.145329068
2022-07-26T00:00:00Z,0.162588901
2022-07-27T00:00:00Z,0.151498584
